P_ID,TIMESTAMP,NDVI,EVI,IRECI
40257804,2017-03-12,0.42760938,0.18757845,0.073122494
40257804,2017-04-01,0.44280446,0.22271715,0.09425398
40257804,2017-04-21,0.72565514,0.41719368,0.27922896
40257804,2017-05-21,0.8957322,0.6174906,0.9618218
40257804,2017-05-31,0.89291805,0.64610994,1.0592529
40257804,2017-06-10,0.9413176,0.65296227,1.11105
40257804,2017-06-20,0.8842346,0.6598341,1.0097076
40257804,2017-07-05,0.85440236,0.6861002,0.9828527
40257804,2017-07-10,0.56251174,1.0190626,0.4444684
40257804,2017-07-15,0.88529724,0.6575789,0.95207393
40257804,2017-07-20,0.8416207,0.5196922,0.77839607
40257804,2017-07-25,0.8965419,0.59126204,0.95385116
40257804,2017-08-04,0.81532145,0.4847893,0.70596874
40257804,2017-08-09,0.82397,0.5653243,0.70982814
40257804,2017-08-24,0.81832117,0.44252372,0.6198128
40257804,2017-08-29,0.7998749,0.5003717,0.6656482
40257804,2017-09-28,0.8038586,0.391068,0.3623548
40257804,2017-10-13,0.5568685,0.22200847,0.11463993
40257804,2017-10-18,0.5439624,0.18883279,0.09962236
40257804,2018-01-21,0.7139535,0.13385656,0.08163852
40257804,2018-04-06,0.4115816,0.22464655,0.10100675
40257804,2018-04-21,0.659809,0.3519636,0.30425826
40257804,2018-05-21,0.8894917,0.7741135,1.418755
40257804,2018-05-31,0.8441039,0.67046493,1.1103671
40257804,2018-06-10,0.8804763,0.7068394,1.2393042
40257804,2018-06-20,0.83060247,0.62325037,0.981547
40257804,2018-06-30,0.8763482,0.7876333,1.3567963
40257804,2018-07-05,0.87057394,0.6482997,1.0897727
40257804,2018-07-10,0.84729373,0.7575535,1.2097898
40257804,2018-07-20,0.803861,0.43813133,0.6002415
40257804,2018-07-25,0.8717878,0.5926441,0.916745
40257804,2018-07-30,0.8584123,0.5646481,0.88814116
40257804,2018-08-04,0.82345045,0.5807221,0.8663293
40257804,2018-08-09,0.8513553,0.56093246,0.89138544
40257804,2018-08-14,0.74760514,0.7448441,0.8102822
40257804,2018-08-19,0.8375635,0.514239,0.7297667
40257804,2018-08-29,0.8120898,0.48117068,0.607404
40257804,2018-09-18,0.8170396,0.4414697,0.5389816
40257804,2018-09-28,0.87552446,0.51703495,0.5663122
40257804,2018-10-03,0.79802585,0.44774845,0.4630061
40257804,2018-10-13,0.6218679,0.27698863,0.14444104
40257804,2018-10-23,0.58738935,0.21824008,0.123029955
40257804,2018-11-17,0.49662614,0.1548235,0.072553836
40257804,2019-01-01,0.48522398,0.12100031,0.048778858
40257804,2019-01-06,0.5603033,0.16291282,0.09092121
40257804,2019-02-15,0.37088308,0.16086958,0.06059589
40257804,2019-02-20,0.35459375,0.18900761,0.073518455
40257804,2019-02-25,0.44868535,0.11761829,0.04490703
40257804,2019-03-02,0.38142473,0.16497016,0.07520699
40257804,2019-03-22,0.3952,0.18662637,0.075765096
40257804,2019-04-01,0.39333805,0.20094863,0.08633201
40257804,2019-04-16,0.43534052,0.24465564,0.11423233
40257804,2019-04-21,0.6818326,0.4050121,0.28233117
40257804,2019-05-01,0.8179105,0.6108118,0.56120914
40257804,2019-06-20,0.85324,0.70588017,1.0814277
40257804,2019-06-25,0.8690074,0.73177665,1.099939
40257804,2019-06-30,0.8924112,0.6802622,1.0732945
40257804,2019-07-05,0.8649848,0.70021176,1.0456659
40257804,2019-07-10,0.8572337,0.7551219,1.0277704
40257804,2019-07-15,0.8065351,0.542499,0.6581167
40257804,2019-07-20,0.84062135,0.57345843,0.84187686
40257804,2019-07-25,0.85734904,0.5984439,0.8395661
40257804,2019-08-04,0.8449112,0.5383982,0.7512933
40257804,2019-08-09,0.8843265,0.65777713,0.9105788
40257804,2019-08-14,0.84615386,0.5882353,0.9034021
40257804,2019-08-19,0.85906726,0.6570239,0.8632697
40257804,2019-09-03,0.8551322,0.5324698,0.71149707
40257804,2019-09-13,0.8839522,0.53113914,0.66635334
40257804,2019-10-08,0.783591,0.3805436,0.31795782
40257804,2019-10-23,0.5395081,0.21352829,0.099759884
40257804,2019-12-07,0.4950495,0.13459553,0.059475
40257804,2020-01-01,0.42146188,0.12504613,0.05786998
40257804,2020-01-06,0.5682382,0.15261242,0.05813471
40257804,2020-01-11,0.5512708,0.1440876,0.059105545
40257804,2020-01-16,0.36140355,0.10915643,0.047675256
40257804,2020-03-16,0.43159676,0.19283172,0.08781158
40257804,2020-04-05,0.4252354,0.20837946,0.09948038
40257804,2020-04-10,0.43392295,0.23003934,0.101836294
40257804,2020-04-15,0.5966942,0.33364144,0.20597817
40257804,2020-04-25,0.8018594,0.51610005,0.48393705
40257804,2020-05-30,0.8820809,0.84903556,1.3336192
40257804,2020-06-29,0.8595724,0.69136673,1.1099175
40257804,2020-07-04,0.91650754,0.68159235,1.2493006
40257804,2020-07-09,0.9020324,0.6596548,1.1244534
40257804,2020-07-14,0.898427,0.7190648,1.1629729
40257804,2020-07-19,0.876325,0.6736776,1.1873325
40257804,2020-07-29,0.85770744,0.5695998,0.97053874
40257804,2020-08-08,0.8601276,0.5939403,0.84374803
40257804,2020-09-12,0.8661298,0.6284922,0.7351957
40257804,2020-09-17,0.7928878,0.44636568,0.55049205
40257804,2020-11-06,0.5268817,0.1322418,0.06373303
40257804,2020-11-21,0.5723982,0.11257954,0.07012323
40257804,2020-11-26,0.5755627,0.12563755,0.060708307
40257804,2021-02-14,0.40736786,0.16292278,0.057279605
40257804,2021-02-24,0.39650023,0.18564406,0.081661634
40257804,2021-03-01,0.41289288,0.1498511,0.07570587
40257804,2021-03-21,0.37622684,0.2023302,0.09594728
40257804,2021-03-26,0.42577985,0.21440469,0.08282391
40257804,2021-03-31,0.40095904,0.19798192,0.09100294
40257804,2021-04-05,0.44960976,0.2515281,0.10993274
40257804,2021-04-25,0.44927534,0.25117034,0.12622619
40257804,2021-04-30,0.48893806,0.1872802,0.113837294
40257804,2021-05-05,0.6385647,0.6061477,0.4387109
40257804,2021-05-10,0.7670858,0.5242704,0.46049878
40257804,2021-05-20,0.7735849,0.73985195,0.7598527
40257804,2021-06-04,0.84051335,0.7066621,0.9710089
40257804,2021-06-09,0.8763066,0.75443393,1.164851
40257804,2021-06-14,0.9079174,0.77986395,1.3330926
40257804,2021-06-19,0.85200846,0.7279624,1.190166
40257804,2021-06-24,0.8396947,0.7034572,1.1076531
40257804,2021-06-29,0.87302995,0.7061041,1.1760993
40257804,2021-07-09,0.8916106,0.74225795,1.2550677
40257804,2021-07-14,0.881377,0.79995483,1.2601911
40257804,2021-07-19,0.8726449,0.677066,1.116845
40257804,2021-07-24,0.7988531,0.7326644,0.9556144
40257804,2021-07-29,0.88377243,0.6712928,1.0549182
40257804,2021-08-03,0.8489194,0.83502203,1.1962701
40257804,2021-08-18,0.8828991,0.64151573,0.9990979
40257804,2021-09-02,0.9027144,0.6393955,0.85069895
40257804,2021-09-07,0.88179916,0.631508,0.8646349
40257804,2021-09-12,0.8748944,0.6064927,0.7622962
40257804,2021-10-17,0.7517917,0.37786287,0.2965313
40257804,2021-10-27,0.61354166,0.2311617,0.11199765
40257804,2021-11-11,0.48590165,0.16466668,0.08423048
40262355,2017-01-01,0.5840387,0.1857835,0.12124
40262355,2017-01-11,0.49460042,0.1809633,0.11154491
40262355,2017-02-20,0.37505326,0.17897049,0.10037783
40262355,2017-03-12,0.45047376,0.19596088,0.11709132
40262355,2017-04-01,0.41545528,0.2015366,0.1316762
40262355,2017-04-21,0.73179525,0.38312006,0.3609331
40262355,2017-05-21,0.87281996,0.5748569,0.9114384
40262355,2017-05-31,0.8419406,0.5553453,0.96334416
40262355,2017-06-10,0.8825946,0.55935854,1.1451899
40262355,2017-06-20,0.82183754,0.5588258,0.91713524
40262355,2017-07-05,0.8150754,0.639716,0.9908824
40262355,2017-07-10,0.6883652,0.45089713,0.69134176
40262355,2017-07-15,0.8276243,0.5962189,0.9256878
40262355,2017-07-20,0.80859494,0.52447414,0.7532939
40262355,2017-07-25,0.85625005,0.56022304,0.8978267
40262355,2017-08-04,0.79629076,0.5107653,0.70132583
40262355,2017-08-09,0.7880434,0.4960279,0.7045423
40262355,2017-08-24,0.81207216,0.5150367,0.71442795
40262355,2017-08-29,0.84845644,0.5224855,0.7725816
40262355,2017-09-28,0.8213257,0.397759,0.50162727
40262355,2017-10-08,0.69936305,0.43841085,0.34005108
40262355,2017-10-13,0.6141215,0.282456,0.19228213
40262355,2017-10-18,0.57863754,0.25820014,0.15338711
40262355,2018-01-21,0.6049689,0.18457456,0.13708217
40262355,2018-04-06,0.45317614,0.23607275,0.14331335
40262355,2018-04-21,0.71692306,0.41037184,0.39695573
40262355,2018-05-31,0.8025341,0.6090128,1.0091476
40262355,2018-06-10,0.8404015,0.6178967,1.102849
40262355,2018-06-20,0.83681685,0.59751135,1.1681148
40262355,2018-06-30,0.84209186,0.6279105,1.0710379
40262355,2018-07-05,0.848251,0.59733385,1.1450729
40262355,2018-07-10,0.79025525,0.6460547,0.9852493
40262355,2018-07-20,0.81439245,0.4417474,0.65525526
40262355,2018-07-25,0.85152584,0.5507477,0.95558804
40262355,2018-07-30,0.8448176,0.5585117,0.9265317
40262355,2018-08-04,0.81208444,0.53837013,0.841385
40262355,2018-08-09,0.8358029,0.41985193,0.6414207
40262355,2018-08-19,0.836886,0.5198818,0.7940632
40262355,2018-08-29,0.81281674,0.53723407,0.7039599
40262355,2018-09-18,0.82877153,0.5284305,0.66992444
40262355,2018-09-28,0.87433445,0.5118667,0.69046944
40262355,2018-10-03,0.7598499,0.52267057,0.52510893
40262355,2018-10-13,0.64563864,0.3187113,0.24565853
40262355,2018-10-23,0.6239316,0.29134515,0.21038865
40262355,2018-11-17,0.548913,0.29394644,0.14414434
40262355,2018-12-27,0.5917978,0.24811068,0.13284022
40262355,2019-01-01,0.5224775,0.21081059,0.13863486
40262355,2019-01-06,0.56622154,0.2791616,0.16573736
40262355,2019-01-11,0.46176344,0.23316169,0.1477479
40262355,2019-02-15,0.47360647,0.2477982,0.12168709
40262355,2019-02-20,0.38282079,0.21006283,0.121747024
40262355,2019-02-25,0.4773816,0.18443128,0.08851693
40262355,2019-03-02,0.45512566,0.21525054,0.122975856
40262355,2019-03-22,0.460815,0.22143555,0.12809107
40262355,2019-04-01,0.42643923,0.21756472,0.13706079
40262355,2019-04-16,0.49445984,0.27013734,0.1678303
40262355,2019-04-21,0.7021717,0.398677,0.35053968
40262355,2019-05-01,0.82820517,0.6056628,0.7328779
40262355,2019-06-20,0.8292622,0.63236934,1.1009248
40262355,2019-06-25,0.8176957,0.647845,1.1267715
40262355,2019-06-30,0.86753577,0.615769,1.1354797
40262355,2019-07-05,0.8496396,0.64294904,0.9844142
40262355,2019-07-20,0.83155584,0.58788276,0.9103066
40262355,2019-07-25,0.837963,0.5869002,0.95090777
40262355,2019-08-04,0.8423089,0.5660415,0.78114426
40262355,2019-08-09,0.8650089,0.56244224,0.90987146
40262355,2019-08-14,0.8104089,0.65568835,0.97935593
40262355,2019-08-19,0.82909936,0.5751362,0.8525729
40262355,2019-09-03,0.84808576,0.5683497,0.74047446
40262355,2019-09-13,0.8781859,0.53537554,0.86906886
40262355,2019-10-08,0.81224495,0.36284444,0.4665023
40262355,2019-10-23,0.53568494,0.25240615,0.13894473
40262355,2019-12-07,0.5073613,0.18727532,0.15019523
40262355,2020-01-01,0.49567726,0.20686339,0.13821147
40262355,2020-01-06,0.52051836,0.19319412,0.14333409
40262355,2020-01-11,0.5517791,0.2169012,0.14531578
40262355,2020-01-16,0.52376837,0.23846063,0.13590497
40262355,2020-02-05,0.5522388,0.2514075,0.15304439
40262355,2020-03-16,0.4905733,0.23569208,0.13507035
40262355,2020-04-05,0.42644873,0.206408,0.1344076
40262355,2020-04-10,0.4347826,0.21809042,0.13413943
40262355,2020-04-15,0.6109726,0.31908163,0.2469258
40262355,2020-04-25,0.80636156,0.5323657,0.53681356
40262355,2020-06-29,0.8178913,0.61312467,1.0044465
40262355,2020-07-04,0.87326497,0.55086035,0.89546275
40262355,2020-07-09,0.8555234,0.60504925,0.95343363
40262355,2020-07-14,0.85446006,0.6095337,0.9839551
40262355,2020-07-19,0.84774756,0.6890003,1.0624236
40262355,2020-07-29,0.84291977,0.57578784,0.8866237
40262355,2020-08-08,0.8471818,0.583924,0.825171
40262355,2020-08-13,0.6908485,0.57568246,0.6230344
40262355,2020-09-12,0.8250269,0.46715122,0.5926315
40262355,2020-09-17,0.78791535,0.53148556,0.5747264
40262355,2020-11-06,0.5660297,0.2550708,0.10875633
40262355,2020-11-21,0.57036346,0.23224042,0.14336358
40262355,2020-11-26,0.5203747,0.22105055,0.118671924
40262355,2021-02-14,0.5402646,0.2693685,0.12731858
40262355,2021-02-24,0.43953657,0.23168823,0.12506157
40262355,2021-03-01,0.4906523,0.22054979,0.13807783
40262355,2021-03-21,0.47113085,0.25500202,0.14097475
40262355,2021-03-26,0.46571136,0.25150165,0.13263372
40262355,2021-03-31,0.471161,0.2332221,0.1329511
40262355,2021-04-05,0.4514563,0.2400177,0.14619105
40262355,2021-04-25,0.47940576,0.25512952,0.16899005
40262355,2021-04-30,0.5779246,0.30683833,0.20263658
40262355,2021-05-05,0.5802287,0.35544813,0.4832971
40262355,2021-05-10,0.77970237,0.53790146,0.55597836
40262355,2021-06-04,0.80506635,0.6283186,0.8720115
40262355,2021-06-09,0.8513779,0.66415846,0.969316
40262355,2021-06-14,0.87047905,0.66051036,1.1166817
40262355,2021-06-19,0.8283118,0.64389014,1.0024347
40262355,2021-06-24,0.80221945,0.61250234,0.9366779
40262355,2021-06-29,0.8333333,0.6078859,0.9285444
40262355,2021-07-09,0.8675171,0.6589147,1.1041968
40262355,2021-07-14,0.84667885,0.7166789,1.1003917
40262355,2021-07-19,0.8436171,0.5954571,1.0015365
40262355,2021-07-24,0.7553299,0.6250788,0.8113377
40262355,2021-07-29,0.8576592,0.5884261,0.89465755
40262355,2021-08-03,0.8166626,0.68183684,0.9132559
40262355,2021-08-18,0.86037076,0.5649824,0.7858613
40262355,2021-09-02,0.8834766,0.548918,0.8816736
40262355,2021-09-07,0.8646173,0.5596801,0.7714885
40262355,2021-09-12,0.84958404,0.50725216,0.6322348
40262355,2021-10-17,0.7919124,0.37670818,0.34978375
40262355,2021-10-27,0.5918158,0.21912879,0.14987779
40262355,2021-11-11,0.516805,0.25420102,0.12140196
40271215,2017-04-01,0.49570653,0.13957885,0.08264614
40271215,2017-04-21,0.68463075,0.27814946,0.24966395
40271215,2017-05-21,0.90901214,0.6928208,1.3799047
40271215,2017-05-31,0.9173298,0.7122507,1.655027
40271215,2017-06-10,0.94010156,0.711077,1.7989234
40271215,2017-06-20,0.8915432,0.6969968,1.5469683
40271215,2017-07-05,0.83603543,0.57553804,1.1842891
40271215,2017-07-15,0.8059965,0.4160976,0.91250706
40271215,2017-07-20,0.88221294,0.5739386,1.3750728
40271215,2017-07-25,0.93442625,0.4606681,1.2192218
40271215,2017-08-04,0.84139776,0.528114,1.2147076
40271215,2017-08-09,0.8175728,0.596608,1.1349334
40271215,2017-08-24,0.87918127,0.38872457,0.82129663
40271215,2017-08-29,0.87910575,0.60480046,1.219245
40271215,2017-09-28,0.89681864,0.42830157,0.6422194
40271215,2017-10-08,0.44514224,0.46501762,0.3169451
40271215,2017-10-13,0.6716049,0.1241159,0.13466667
40271215,2017-10-18,0.68019885,0.18100446,0.1421295
40271215,2018-04-06,0.5851528,0.22488882,0.14366284
40271215,2018-04-11,0.24264495,0.24448231,0.025432697
40271215,2018-04-21,0.7384412,0.35602072,0.4001543
40271215,2018-05-21,0.85077584,0.5450969,0.9956185
40271215,2018-05-26,0.8357211,0.82391715,1.5492454
40271215,2018-05-31,0.82746166,0.66398466,1.3493887
40271215,2018-06-10,0.8673589,0.66844916,1.6262554
40271215,2018-06-15,0.89152265,0.752433,1.8693826
40271215,2018-06-20,0.8852814,0.60711765,1.5986102
40271215,2018-06-30,0.43108502,0.60718715,0.40714407
40271215,2018-07-05,0.8833682,0.6453215,1.5155431
40271215,2018-07-10,0.83962923,0.6983424,1.5803941
40271215,2018-07-20,0.8340528,0.674031,1.3987942
40271215,2018-07-25,0.8879581,0.62044996,1.3123165
40271215,2018-07-30,0.85011715,0.5074287,1.2226695
40271215,2018-08-04,0.58789474,0.5024741,0.5321508
40271215,2018-08-09,0.84726024,0.49430567,1.1798673
40271215,2018-08-19,0.832981,0.48174116,1.0963017
40271215,2018-08-29,0.7921636,0.47692314,0.91069436
40271215,2018-09-28,0.9038004,0.35756236,0.81624216
40271215,2018-10-03,0.79005957,0.4537566,0.62081933
40271215,2018-10-13,0.6257939,0.26710874,0.22973447
40271215,2018-10-23,0.5872856,0.23412043,0.16792414
40271215,2018-11-17,0.48114437,0.16539268,0.12866262
40271215,2019-02-15,0.34517044,0.1170182,0.08109474
40271215,2019-03-02,0.4103,0.15906799,0.09591654
40271215,2019-03-22,0.41839767,0.15957446,0.0873296
40271215,2019-04-01,0.47870526,0.1801128,0.1234084
40271215,2019-04-16,0.50258577,0.23635799,0.14980645
40271215,2019-04-21,0.6633664,0.29851064,0.22880398
40271215,2019-05-01,0.8077814,0.6489061,0.68055266
40271215,2019-06-10,0.7120035,0.64454347,0.9055114
40271215,2019-06-20,0.84597325,0.67667055,1.4781308
40271215,2019-06-25,0.78085023,0.74132115,1.3040679
40271215,2019-06-30,0.898057,0.6560127,1.5960892
40271215,2019-07-05,0.8701299,0.6993737,1.4437878
40271215,2019-07-10,0.8446644,0.77816534,1.3414345
40271215,2019-07-20,0.8262186,0.5583975,1.2417984
40271215,2019-07-25,0.86029845,0.614237,1.3521286
40271215,2019-07-30,0.8368031,0.7196065,1.3424318
40271215,2019-08-04,0.8373984,0.5645977,1.0983832
40271215,2019-08-09,0.8733624,0.6135439,1.1944258
40271215,2019-08-14,0.8799172,0.54253006,1.2272646
40271215,2019-08-19,0.827229,0.6524424,1.0737519
40271215,2019-09-13,0.8811777,0.37213024,1.00448
40271215,2019-10-08,0.7818361,0.33086854,0.48601726
40271215,2019-10-23,0.53202283,0.19426695,0.14749852
40271215,2019-12-07,0.5291546,0.16534574,0.08645579
40271215,2020-01-06,0.62008375,0.16666667,0.078352235
40271215,2020-01-11,0.5477387,0.1718391,0.050856378
40271215,2020-01-16,0.41148776,0.16847868,0.0771621
40271215,2020-02-05,0.5564005,0.18098614,0.0979986
40271215,2020-03-16,0.5416924,0.18708932,0.108622305
40271215,2020-04-05,0.5381566,0.21406607,0.121774435
40271215,2020-04-10,0.5342612,0.21540189,0.14808328
40271215,2020-04-15,0.586098,0.291449,0.2011154
40271215,2020-04-25,0.8011049,0.5230086,0.56687975
40271215,2020-06-29,0.8182816,0.6172865,1.1996139
40271215,2020-07-04,0.8993711,0.5921102,1.2368659
40271215,2020-07-09,0.8750762,0.5679481,1.243463
40271215,2020-07-14,0.8526463,0.667994,1.1165468
40271215,2020-07-19,0.863929,0.59760034,1.1986094
40271215,2020-07-29,0.8456002,0.5367747,1.139516
40271215,2020-08-08,0.8394057,0.5134363,1.0219083
40271215,2020-08-13,0.76555157,0.5946144,0.8571938
40271215,2020-09-12,0.8177523,0.5002891,0.68051624
40271215,2020-09-17,0.77556115,0.4474391,0.6470429
40271215,2020-11-06,0.5712,0.08487874,0.10349216
40271215,2020-11-21,0.6233612,0.1145774,0.07837896
40271215,2020-11-26,0.51702785,0.08123753,0.094434924
40271215,2021-02-24,0.38058802,0.19491771,0.1293334
40271215,2021-03-01,0.5332409,0.16157459,0.09884536
40271215,2021-03-26,0.48962653,0.15912259,0.12589206
40271215,2021-03-31,0.5055209,0.22069918,0.13265602
40271215,2021-04-05,0.52214366,0.28946936,0.15232342
40271215,2021-04-10,0.45476052,0.30318567,0.15676473
40271215,2021-04-25,0.5247678,0.2709507,0.16565831
40271215,2021-05-10,0.7569944,0.54811704,0.54069585
40271215,2021-06-04,0.7832783,0.5828422,0.8492562
40271215,2021-06-09,0.859747,0.85097766,1.3966312
40271215,2021-06-14,0.8971924,0.79763615,1.5395582
40271215,2021-06-19,0.830694,0.7701649,1.4091287
40271215,2021-06-24,0.80206,0.6931919,1.2975572
40271215,2021-06-29,0.8525424,0.7251757,1.4659367
40271215,2021-07-09,0.8876228,0.82400143,1.5383255
40271215,2021-07-14,0.85620916,0.828393,1.5204253
40271215,2021-07-19,0.8580673,0.73065895,1.4138807
40271215,2021-07-29,0.882404,0.75292516,1.3125905
40271215,2021-08-03,0.8138453,0.8695202,1.4507475
40271215,2021-08-18,0.8801499,0.7196448,1.1635965
40271215,2021-09-02,0.8832536,0.56098056,1.072909
40271215,2021-09-07,0.86365837,0.65806496,1.063605
40271215,2021-09-12,0.8447824,0.65004236,0.8705022
40271215,2021-10-17,0.77046096,0.460233,0.39440003
40271215,2021-10-27,0.6227723,0.25481063,0.1600505
40271215,2021-11-11,0.42897198,0.19293821,0.13749275
40274709,2017-04-21,0.71400493,0.29665172,0.18492661
40274709,2017-05-21,0.9138462,0.57935804,0.9261534
40274709,2017-05-31,0.8832645,0.5936675,1.125833
40274709,2017-06-10,0.93008596,0.6232719,1.3694686
40274709,2017-06-20,0.88527304,0.6390094,1.1858695
40274709,2017-07-05,0.8470587,0.57370514,0.9053071
40274709,2017-07-15,0.41548532,0.2857036,0.48035806
40274709,2017-07-20,0.8539839,0.47292304,0.98156124
40274709,2017-07-25,0.9234973,0.42458758,0.82262975
40274709,2017-08-04,0.83747023,0.5157683,0.81318927
40274709,2017-08-09,0.7993099,0.5439036,0.62824684
40274709,2017-08-24,0.84333545,0.30045912,0.48564422
40274709,2017-08-29,0.8454405,0.45906594,0.77861583
40274709,2017-09-28,0.83038443,0.28867772,0.34404564
40274709,2017-10-08,0.4154806,0.41820395,0.3759201
40274709,2017-10-18,0.7103064,0.12551683,0.07667981
40274709,2018-04-06,0.61698836,0.18188025,0.101033896
40274709,2018-04-21,0.66008466,0.21695797,0.20905446
40274709,2018-05-21,0.80268407,0.48490295,0.6922042
40274709,2018-05-26,0.8104496,0.7637113,1.2854005
40274709,2018-05-31,0.82166743,0.6698895,1.1118387
40274709,2018-06-10,0.86303854,0.69490594,1.3139664
40274709,2018-06-15,0.88095826,0.6386064,1.3980054
40274709,2018-06-20,0.8757871,0.5815721,1.2310302
40274709,2018-06-30,0.7502435,0.61075664,0.9235533
40274709,2018-07-05,0.8667787,0.5997057,1.136118
40274709,2018-07-10,0.8341992,0.7057407,1.1991918
40274709,2018-07-20,0.800545,0.59691185,1.0422611
40274709,2018-07-25,0.8420875,0.48493484,0.8428653
40274709,2018-07-30,0.84725195,0.4997053,0.8771126
40274709,2018-08-04,0.26267844,0.2912262,0.26467815
40274709,2018-08-09,0.84519744,0.5397197,0.84710956
40274709,2018-08-19,0.78457874,0.41397533,0.7100483
40274709,2018-08-29,0.76116765,0.38845253,0.57486457
40274709,2018-09-28,0.88584685,0.44047067,0.49461395
40274709,2018-10-03,0.6916201,0.30012122,0.3228419
40274709,2018-10-13,0.5775054,0.18572621,0.15436114
40274709,2018-10-23,0.5152074,0.13508941,0.11882047
40274709,2018-11-17,0.49140894,0.22270177,0.11399406
40274709,2019-04-01,0.45408806,0.16275924,0.08976533
40274709,2019-04-16,0.4506579,0.19563976,0.10229418
40274709,2019-04-21,0.5608493,0.23016109,0.14876057
40274709,2019-05-01,0.7643486,0.5090813,0.4562593
40274709,2019-06-10,0.71626145,0.617595,0.8110583
40274709,2019-06-20,0.835113,0.6698136,1.170769
40274709,2019-06-25,0.8491818,0.7487132,1.2793093
40274709,2019-06-30,0.8935158,0.5886964,1.2289656
40274709,2019-07-05,0.8520548,0.6809315,1.1859409
40274709,2019-07-10,0.8127234,0.6912134,1.0555727
40274709,2019-07-20,0.8242731,0.5521213,0.9127724
40274709,2019-07-25,0.83682394,0.5867268,0.97790205
40274709,2019-07-30,0.8124363,0.67519486,0.98814625
40274709,2019-08-04,0.825382,0.56429607,0.7810691
40274709,2019-08-09,0.8694158,0.6034826,0.8411531
40274709,2019-08-14,0.8670479,0.5332806,0.89988774
40274709,2019-08-19,0.8041147,0.5753203,0.76224595
40274709,2019-09-13,0.8664032,0.46648222,0.6107837
40274709,2019-10-08,0.7574835,0.31468678,0.29998454
40274709,2019-10-23,0.3667309,0.12924986,0.09378768
40274709,2019-12-07,0.4545455,0.13670689,0.07906644
40274709,2020-01-06,0.4968254,0.14064255,0.06899339
40274709,2020-01-16,0.46666667,0.21503375,0.08737974
40274709,2020-02-05,0.53620535,0.13342762,0.05927736
40274709,2020-03-16,0.49773344,0.12381038,0.073939785
40274709,2020-04-05,0.50032026,0.1677982,0.10258307
40274709,2020-04-10,0.4675,0.1721123,0.10162363
40274709,2020-04-15,0.5837957,0.22213775,0.13489214
40274709,2020-04-25,0.74185246,0.35930878,0.3184417
40274709,2020-06-29,0.83429164,0.6765005,1.0869926
40274709,2020-07-04,0.9064748,0.6201492,1.11443
40274709,2020-07-09,0.89058685,0.595569,1.1258522
40274709,2020-07-14,0.86182797,0.613941,1.087226
40274709,2020-07-19,0.8646081,0.62567145,1.0500958
40274709,2020-07-29,0.8397916,0.54416174,0.9429331
40274709,2020-08-08,0.83631396,0.58310086,0.79041463
40274709,2020-08-13,0.7610475,0.59192944,0.73504996
40274709,2020-09-12,0.8177122,0.4694915,0.55820745
40274709,2020-11-06,0.44761905,0.070289135,0.055073965
40274709,2020-11-21,0.7278106,0.11608154,0.06829033
40274709,2021-02-24,0.33702096,0.17463763,0.102284275
40274709,2021-03-01,0.42089552,0.06619718,0.057337884
40274709,2021-03-26,0.44522145,0.13301453,0.07839575
40274709,2021-03-31,0.51488423,0.21142702,0.12051266
40274709,2021-04-05,0.4933435,0.2738251,0.13552795
40274709,2021-04-10,0.42489776,0.28600654,0.1717749
40274709,2021-04-25,0.4831169,0.22958237,0.15067326
40274709,2021-05-10,0.7077902,0.4727103,0.38712335
40274709,2021-06-04,0.7587524,0.5087712,0.6045577
40274709,2021-06-09,0.83667743,0.789683,1.2133228
40274709,2021-06-14,0.88464904,0.75984174,1.3795518
40274709,2021-06-19,0.81701964,0.74452984,1.282104
40274709,2021-06-24,0.7957549,0.7542801,1.1871018
40274709,2021-06-29,0.8471338,0.70781034,1.3346039
40274709,2021-07-09,0.8665777,0.737677,1.3433329
40274709,2021-07-14,0.83481205,0.7821716,1.3435915
40274709,2021-07-19,0.8334871,0.6879355,1.2740201
40274709,2021-07-29,0.86220014,0.69089603,1.1513671
40274709,2021-08-18,0.8511856,0.6143284,1.0116049
40274709,2021-09-02,0.8571847,0.6050652,0.8926015
40274709,2021-09-07,0.8553346,0.63607025,0.8931507
40274709,2021-09-12,0.82170546,0.5390516,0.76939154
40274709,2021-10-17,0.7806042,0.33222067,0.33318695
40274709,2021-10-27,0.6097859,0.21007164,0.18220542
40274709,2021-11-11,0.40255487,0.25502154,0.14946586
40275837,2017-03-12,0.62902534,0.27716818,0.15793851
40275837,2017-04-01,0.5797753,0.2997676,0.17159186
40275837,2017-04-11,0.6255707,0.51207775,0.2784213
40275837,2017-04-21,0.7650116,0.49223566,0.39498731
40275837,2017-05-21,0.9325592,0.7182416,1.1884681
40275837,2017-05-31,0.9224066,0.739644,1.3689619
40275837,2017-06-10,0.94031197,0.72618383,1.5257715
40275837,2017-06-20,0.8972385,0.71241146,1.3524078
40275837,2017-07-05,0.8748867,0.7337287,1.2152373
40275837,2017-07-10,0.615565,0.4706599,0.48297632
40275837,2017-07-15,0.8940719,0.7023705,1.2423049
40275837,2017-07-20,0.8804436,0.61837465,1.1500006
40275837,2017-07-25,0.92075086,0.6496947,1.2489935
40275837,2017-08-04,0.8465861,0.5795791,1.020992
40275837,2017-08-09,0.8572184,0.59423,1.0049702
40275837,2017-08-24,0.8714243,0.5664826,0.92717093
40275837,2017-08-29,0.91524994,0.6551749,1.1427777
40275837,2017-09-28,0.8782558,0.55126935,0.6768188
40275837,2017-10-08,0.7325693,0.54921055,0.46388566
40275837,2017-10-13,0.66788924,0.347888,0.22053887
40275837,2017-10-18,0.62163955,0.33278844,0.2004391
40275837,2018-01-21,0.7947566,0.22081167,0.14362535
40275837,2018-04-06,0.4548449,0.27180865,0.15708326
40275837,2018-04-21,0.7448347,0.5199394,0.4600306
40275837,2018-05-31,0.84375006,0.71578074,1.2858374
40275837,2018-06-10,0.889123,0.73798025,1.4390725
40275837,2018-06-15,0.9674356,0.30768564,0.5966466
40275837,2018-06-20,0.8897533,0.7050514,1.5117075
40275837,2018-06-30,0.8776993,0.7840274,1.6020485
40275837,2018-07-05,0.88477004,0.6971424,1.4887599
40275837,2018-07-10,0.8380251,0.7086354,1.3049043
40275837,2018-07-20,0.879693,0.7635388,1.4168583
40275837,2018-07-25,0.88629097,0.6477551,1.2265722
40275837,2018-07-30,0.8742674,0.6232907,1.1967065
40275837,2018-08-04,0.8776439,0.6968472,1.225973
40275837,2018-08-09,0.8769056,0.5803655,1.0571642
40275837,2018-08-19,0.86583036,0.6012347,1.0895343
40275837,2018-08-29,0.85594827,0.62193745,0.95932066
40275837,2018-09-08,0.8289876,0.6723442,1.0171132
40275837,2018-09-18,0.8511055,0.5966021,0.89186037
40275837,2018-09-28,0.9171598,0.66249615,0.9348905
40275837,2018-10-03,0.81210625,0.5933085,0.6884757
40275837,2018-10-13,0.67990154,0.40925592,0.31147513
40275837,2018-10-23,0.7023139,0.40467006,0.27754974
40275837,2018-11-17,0.5689586,0.28443354,0.14975649
40275837,2018-12-27,0.6298851,0.23646168,0.106608845
40275837,2019-01-01,0.55528706,0.19645149,0.091845006
40275837,2019-02-15,0.508402,0.28922212,0.12449611
40275837,2019-02-20,0.44316995,0.2456742,0.11476811
40275837,2019-02-25,0.45065176,0.19297476,0.09201615
40275837,2019-03-02,0.47293946,0.24528508,0.12842795
40275837,2019-03-22,0.46111494,0.2418598,0.13372955
40275837,2019-04-01,0.47780335,0.26079622,0.1523315
40275837,2019-04-16,0.49491215,0.29743153,0.17708617
40275837,2019-04-21,0.6250694,0.40247127,0.3153572
40275837,2019-05-01,0.6598747,0.4609321,0.5023513
40275837,2019-06-20,0.87227416,0.7275967,1.2875744
40275837,2019-06-25,0.8794789,0.78619796,1.43491
40275837,2019-06-30,0.9122111,0.6976537,1.4258696
40275837,2019-07-05,0.88985896,0.7439919,1.3235049
40275837,2019-07-10,0.87111026,0.7997567,1.1896428
40275837,2019-07-15,0.84140694,0.58501744,0.80801874
40275837,2019-07-20,0.8711747,0.6733043,1.1491698
40275837,2019-07-25,0.8855001,0.68790054,1.1937574
40275837,2019-08-04,0.86409783,0.6494599,1.0516657
40275837,2019-08-09,0.88937616,0.6707586,1.1167526
40275837,2019-08-14,0.8550344,0.5311087,0.9074548
40275837,2019-08-19,0.8545097,0.6776985,1.0191143
40275837,2019-09-03,0.8493658,0.66341907,0.91314155
40275837,2019-09-13,0.90082645,0.6079314,1.0775557
40275837,2019-10-08,0.8613485,0.52230495,0.5710753
40275837,2019-10-23,0.5881533,0.30746812,0.16032009
40275837,2019-12-07,0.5965616,0.22305551,0.13519134
40275837,2020-01-01,0.51942444,0.22445595,0.107295096
40275837,2020-01-06,0.60545903,0.20496449,0.1389018
40275837,2020-01-11,0.64568245,0.2532226,0.13157865
40275837,2020-01-16,0.5193946,0.222917,0.13216
40275837,2020-02-05,0.5812744,0.25779536,0.13334268
40275837,2020-03-16,0.5054063,0.2570151,0.14224963
40275837,2020-04-05,0.49573767,0.26600984,0.1582307
40275837,2020-04-10,0.49649453,0.28465977,0.16155459
40275837,2020-04-15,0.56402797,0.3411131,0.24931909
40275837,2020-04-25,0.6762726,0.44614622,0.5044218
40275837,2020-06-29,0.8721822,0.7212869,1.4225779
40275837,2020-07-04,0.9274099,0.7049192,1.3821032
40275837,2020-07-09,0.9069995,0.6894371,1.3743911
40275837,2020-07-14,0.9046615,0.7600028,1.299407
40275837,2020-07-19,0.8931444,0.5798403,1.0688859
40275837,2020-07-29,0.8785844,0.6503615,1.2372124
40275837,2020-08-08,0.87119186,0.64493155,1.1777246
40275837,2020-09-12,0.8782776,0.6813093,0.91478634
40275837,2020-09-17,0.8342142,0.6158111,0.8131228
40275837,2020-11-01,0.3822836,0.23274411,0.08428693
40275837,2020-11-06,0.5263158,0.24133708,0.10608567
40275837,2020-11-21,0.6597264,0.22944514,0.13680738
40275837,2020-11-26,0.6221294,0.24784794,0.118451096
40275837,2021-02-14,0.52309775,0.28938663,0.12774752
40275837,2021-02-24,0.43306583,0.24702436,0.11834761
40275837,2021-03-01,0.53079844,0.26035058,0.13282612
40275837,2021-03-21,0.44365782,0.29215226,0.14832816
40275837,2021-03-26,0.47826084,0.26460618,0.14968555
40275837,2021-03-31,0.46694502,0.24508728,0.14300978
40275837,2021-04-05,0.5024108,0.29499474,0.16607024
40275837,2021-04-25,0.50496316,0.29121733,0.19141619
40275837,2021-04-30,0.49057248,0.29361072,0.24254754
40275837,2021-05-10,0.672391,0.45971823,0.48662508
40275837,2021-06-04,0.827034,0.70944464,1.1051893
40275837,2021-06-09,0.88932806,0.7822794,1.3028609
40275837,2021-06-14,0.9139559,0.7782345,1.5800862
40275837,2021-06-19,0.8726193,0.76127344,1.3432088
40275837,2021-06-24,0.86399305,0.7324194,1.3444694
40275837,2021-06-29,0.881341,0.70730674,1.3743207
40275837,2021-07-09,0.91111106,0.8043516,1.5074275
40275837,2021-07-14,0.88623476,0.8275992,1.4804729
40275837,2021-07-19,0.8912214,0.6921338,1.3337394
40275837,2021-07-24,0.81674635,0.77715397,1.1068565
40275837,2021-07-29,0.89965636,0.72387093,1.312159
40275837,2021-08-03,0.8433972,0.71798736,1.1547948
40275837,2021-08-18,0.89733654,0.6938775,1.1642314
40275837,2021-09-02,0.8983142,0.6433746,1.1954951
40275837,2021-09-07,0.8941425,0.6964855,1.1184454
40275837,2021-09-12,0.89098537,0.66207117,0.8829891
40275837,2021-10-17,0.82911384,0.5311071,0.43344355
40275837,2021-10-27,0.6180113,0.28563997,0.1949174
40275837,2021-11-11,0.54328465,0.2830469,0.13956119
40280005,2017-01-11,0.5990804,0.25251937,0.11175001
40280005,2017-02-20,0.49479344,0.25970593,0.15651874
40280005,2017-03-12,0.4725957,0.24013029,0.13859083
40280005,2017-04-01,0.4518726,0.23358905,0.14321555
40280005,2017-04-21,0.5633803,0.25318342,0.1565162
40280005,2017-05-21,0.90406466,0.6223064,0.92305326
40280005,2017-05-31,0.876589,0.58871657,1.0335417
40280005,2017-06-10,0.9000246,0.6961374,1.1582639
40280005,2017-06-20,0.8814111,0.659639,1.1159909
40280005,2017-07-20,0.8616577,0.5463551,0.8337586
40280005,2017-07-25,0.89233285,0.6823609,1.1622337
40280005,2017-07-30,0.56091285,0.31484553,0.3938402
40280005,2017-08-04,0.8491675,0.5140113,0.7945742
40280005,2017-08-09,0.81998205,0.3669836,0.62549996
40280005,2017-08-24,0.8333334,0.5454899,0.7663447
40280005,2017-09-28,0.8382294,0.40827128,0.39519805
40280005,2017-10-13,0.653959,0.33170953,0.23137377
40280005,2017-10-18,0.594514,0.20418611,0.12618145
40280005,2018-01-21,0.55943155,0.16929935,0.09507867
40280005,2018-04-01,0.4305382,0.14846145,0.069758564
40280005,2018-04-06,0.47744682,0.20928933,0.12668
40280005,2018-04-11,0.41027734,0.19346899,0.11108775
40280005,2018-04-21,0.67214423,0.33044335,0.24465139
40280005,2018-04-26,0.7213275,0.57074445,0.49121782
40280005,2018-05-26,0.7654647,0.5505652,0.7582391
40280005,2018-05-31,0.85430133,0.6248636,1.0096935
40280005,2018-06-15,0.90493435,0.69215053,1.3410211
40280005,2018-06-20,0.8836956,0.5966973,1.0905085
40280005,2018-07-05,0.88856155,0.661598,1.1023163
40280005,2018-07-20,0.8510506,0.5132888,0.75966424
40280005,2018-07-25,0.87469757,0.592683,0.94646066
40280005,2018-07-30,0.86579573,0.557958,0.8483964
40280005,2018-08-04,0.8526197,0.5627265,0.8097114
40280005,2018-08-09,0.87248534,0.5430135,0.801169
40280005,2018-08-14,0.671032,0.5552426,0.5489102
40280005,2018-08-19,0.8586251,0.51834154,0.7055246
40280005,2018-08-29,0.84163207,0.48711175,0.62243605
40280005,2018-09-08,0.53205514,0.368373,0.30598953
40280005,2018-09-18,0.84813976,0.4521718,0.5509487
40280005,2018-09-28,0.8691512,0.43629184,0.5147155
40280005,2018-10-03,0.818254,0.42245442,0.40858692
40280005,2018-10-13,0.66513056,0.2601017,0.15928167
40280005,2018-10-23,0.58307207,0.21875489,0.12898752
40280005,2019-02-15,0.51298326,0.17789963,0.096339025
40280005,2019-02-20,0.380049,0.23007669,0.12293602
40280005,2019-02-25,0.38722616,0.2525456,0.123027764
40280005,2019-03-02,0.47857505,0.18522218,0.10283567
40280005,2019-03-12,0.520403,0.1964999,0.10914617
40280005,2019-03-22,0.4792576,0.17331912,0.09217753
40280005,2019-04-01,0.46942705,0.19066057,0.10201863
40280005,2019-04-16,0.46210045,0.20632009,0.10969742
40280005,2019-04-21,0.56242067,0.25905424,0.16739999
40280005,2019-05-01,0.77455217,0.48763415,0.42483622
40280005,2019-06-10,0.81678087,0.55063874,0.79115385
40280005,2019-06-20,0.86349434,0.67191535,1.036426
40280005,2019-06-25,0.860043,0.6886858,1.1482189
40280005,2019-06-30,0.89375305,0.66212374,1.1060928
40280005,2019-07-05,0.86992294,0.6351021,1.0000379
40280005,2019-07-10,0.8385999,0.6716505,0.9512418
40280005,2019-07-20,0.85194105,0.56057185,0.79877514
40280005,2019-07-25,0.8477948,0.5832309,0.86971456
40280005,2019-07-30,0.72378033,0.6780448,0.744572
40280005,2019-08-04,0.8568261,0.5412381,0.7802052
40280005,2019-08-09,0.8573933,0.55909145,0.80608207
40280005,2019-08-14,0.8982536,0.50046533,0.5072412
40280005,2019-08-19,0.835391,0.5318849,0.7039887
40280005,2019-09-03,0.8494778,0.49488127,0.671389
40280005,2019-09-13,0.8754746,0.46988344,0.6401009
40280005,2019-10-08,0.80602634,0.34714898,0.32180053
40280005,2019-10-23,0.5904701,0.19243681,0.1137173
40280005,2020-01-16,0.45442957,0.14564098,0.07403684
40280005,2020-02-05,0.49882907,0.16810703,0.09692598
40280005,2020-03-11,0.45601615,0.17730774,0.09591133
40280005,2020-03-16,0.47346935,0.18285714,0.10422127
40280005,2020-03-21,0.42255497,0.19238143,0.092049606
40280005,2020-03-31,0.44126078,0.19487095,0.108418204
40280005,2020-04-05,0.47726184,0.19035436,0.10652772
40280005,2020-04-10,0.4807418,0.20231327,0.10561188
40280005,2020-04-15,0.5339233,0.2410028,0.14185715
40280005,2020-04-25,0.78238,0.44379804,0.36900225
40280005,2020-05-25,0.7868201,0.7520109,1.0445331
40280005,2020-06-29,0.8552104,0.67048985,1.0435199
40280005,2020-07-04,0.89040416,0.6413416,1.1205254
40280005,2020-07-09,0.88559204,0.6296803,1.0308127
40280005,2020-07-14,0.8810331,0.6340355,0.93456846
40280005,2020-07-19,0.87020946,0.6575797,0.99749994
40280005,2020-07-29,0.8593272,0.5536946,0.8506694
40280005,2020-08-08,0.8442649,0.52448815,0.771908
40280005,2020-08-13,0.8151361,0.5416203,0.6827316
40280005,2020-09-12,0.83737516,0.47029606,0.5338291
40280005,2020-09-17,0.78824586,0.38083062,0.45758966
40280005,2020-11-01,0.41962427,0.2707748,0.1341471
40280005,2020-11-06,0.5406562,0.15871687,0.08567198
40280005,2020-11-21,0.5517011,0.16817147,0.090924464
40280005,2020-11-26,0.57851917,0.15183872,0.08343739
40280005,2021-02-14,0.52059007,0.17339502,0.09760767
40280005,2021-02-24,0.44105324,0.14984548,0.07460271
40280005,2021-03-01,0.46267033,0.16729067,0.08952017
40280005,2021-03-06,0.53343236,0.21235903,0.11011751
40280005,2021-03-21,0.4453125,0.17839679,0.09541678
40280005,2021-03-26,0.46331015,0.17525022,0.09384499
40280005,2021-03-31,0.45526445,0.18065201,0.096047424
40280005,2021-04-05,0.47041297,0.2161327,0.11599134
40280005,2021-04-25,0.43820226,0.19557923,0.11543576
40280005,2021-05-05,0.53654397,0.38747954,0.2252293
40280005,2021-05-10,0.7231856,0.43545517,0.33188727
40280005,2021-05-20,0.7918782,0.7181558,0.7380144
40280005,2021-06-04,0.7916561,0.6240781,0.7694528
40280005,2021-06-09,0.8277868,0.7003623,0.9349453
40280005,2021-06-14,0.8923405,0.7011627,1.1590925
40280005,2021-06-19,0.8448236,0.6605635,1.0399836
40280005,2021-06-24,0.82080483,0.62444645,0.9069186
40280005,2021-06-29,0.8639083,0.6449812,1.0603354
40280005,2021-07-09,0.87409437,0.64829916,1.0136486
40280005,2021-07-14,0.86387694,0.68796444,0.9976571
40280005,2021-07-19,0.8582845,0.60636866,0.94030374
40280005,2021-07-24,0.7782082,0.662817,0.79563636
40280005,2021-07-29,0.86754245,0.6004243,0.8917974
40280005,2021-08-18,0.86662704,0.5543072,0.75694364
40280005,2021-09-02,0.8759591,0.5348219,0.7082865
40280005,2021-09-07,0.86581886,0.53193986,0.6453134
40280005,2021-09-12,0.8505707,0.4865068,0.58856857
40280005,2021-10-17,0.78590786,0.34886515,0.28050923
40280005,2021-10-27,0.63764966,0.22668368,0.11543419
40280005,2021-11-11,0.5121951,0.15907751,0.087170854
40280524,2017-01-01,0.71428573,0.0012494378,0.0
40280524,2017-02-20,0.4530783,0.25286055,0.15133652
40280524,2017-03-12,0.47539994,0.26218536,0.16670215
40280524,2017-04-01,0.42326328,0.2564186,0.13701496
40280524,2017-04-21,0.5159313,0.28505653,0.18174857
40280524,2017-05-21,0.89046806,0.7638415,1.3124251
40280524,2017-05-31,0.87596583,0.7048199,1.3450915
40280524,2017-06-10,0.8585034,0.7099004,1.3616327
40280524,2017-06-20,0.86118764,0.7538208,1.430759
40280524,2017-07-20,0.8955546,0.7313291,1.2538127
40280524,2017-07-25,0.90933156,0.8533921,1.6489156
40280524,2017-08-04,0.8811096,0.7234534,1.1930616
40280524,2017-08-09,0.8619888,0.7604641,1.0839884
40280524,2017-08-24,0.88930464,0.7906072,1.2512094
40280524,2017-08-29,0.7496785,0.5769992,0.82604367
40280524,2017-09-28,0.8617229,0.5521812,0.7067448
40280524,2017-10-13,0.6735891,0.47073668,0.37406173
40280524,2017-10-18,0.6027102,0.33345827,0.22384535
40280524,2018-01-21,0.0,0.0,0.0
40280524,2018-04-01,0.41148326,0.1812052,0.07458111
40280524,2018-04-06,0.45500317,0.24662304,0.13968448
40280524,2018-04-11,0.36842105,0.22836307,0.11796219
40280524,2018-04-21,0.62078273,0.34184226,0.29194653
40280524,2018-04-26,0.6798592,0.63618785,0.57008684
40280524,2018-05-11,0.73494804,0.51230097,0.72219306
40280524,2018-05-26,0.8088545,0.7080752,0.77407694
40280524,2018-05-31,0.8455614,0.7152899,1.3062712
40280524,2018-06-15,0.8915684,0.8061977,1.6050311
40280524,2018-06-20,0.89840525,0.7718723,1.5086997
40280524,2018-07-05,0.89412457,0.7890414,1.4592472
40280524,2018-07-20,0.87137216,0.71638536,1.0498962
40280524,2018-07-25,0.8872036,0.7167264,1.2758428
40280524,2018-07-30,0.89090085,0.70801556,1.2031822
40280524,2018-08-04,0.87019986,0.6882526,1.1550285
40280524,2018-08-09,0.8743194,0.67730486,1.1197096
40280524,2018-08-19,0.8811206,0.6576364,1.0260125
40280524,2018-08-29,0.8745314,0.6418535,0.96024317
40280524,2018-09-08,0.76828265,0.21426281,0.34260872
40280524,2018-09-18,0.8839836,0.6440513,0.9264586
40280524,2018-09-28,0.8920845,0.6602494,0.83641714
40280524,2018-10-03,0.85625845,0.60950375,0.71575004
40280524,2018-10-13,0.698894,0.35308754,0.2670805
40280524,2018-10-23,0.60983497,0.31968656,0.20084308
40280524,2018-12-27,-1.0,-0.0002500375,
40280524,2019-02-15,0.48646125,0.19661118,0.10076049
40280524,2019-02-20,0.37325245,0.24315222,0.10758322
40280524,2019-02-25,0.4140387,0.2713876,0.15262033
40280524,2019-03-02,0.44308686,0.24107769,0.11522889
40280524,2019-03-12,0.43661973,0.23160806,0.11866398
40280524,2019-03-22,0.45382327,0.23458353,0.11472766
40280524,2019-04-01,0.42488715,0.22779909,0.11405642
40280524,2019-04-16,0.44909793,0.24939173,0.12406711
40280524,2019-04-21,0.4133333,0.2342176,0.13510212
40280524,2019-05-01,0.68356544,0.460672,0.3830319
40280524,2019-06-10,0.835131,0.61259097,0.92832565
40280524,2019-06-20,0.86822313,0.7879897,1.3581526
40280524,2019-06-25,0.8739696,0.8447836,1.5401887
40280524,2019-06-30,0.9076864,0.8223684,1.5074074
40280524,2019-07-05,0.8744195,0.76992816,1.3443147
40280524,2019-07-10,0.84762645,0.77723634,1.263726
40280524,2019-07-20,0.87821376,0.7145478,1.1725438
40280524,2019-07-25,0.87377053,0.76898104,1.2294927
40280524,2019-07-30,0.8162355,0.58776927,0.8105514
40280524,2019-08-04,0.88647074,0.7259131,1.20351
40280524,2019-08-09,0.855957,0.6740521,1.1336471
40280524,2019-08-14,0.887574,0.57416266,1.2033896
40280524,2019-08-19,0.84000003,0.6624857,0.9668767
40280524,2019-09-03,0.8897569,0.7537872,1.1946523
40280524,2019-09-13,0.88627934,0.6555129,1.0179433
40280524,2019-10-08,0.8418879,0.52415067,0.5484415
40280524,2019-10-23,0.5810984,0.3055845,0.19702943
40280524,2020-03-11,0.45976254,0.2438427,0.13240717
40280524,2020-03-16,0.4556555,0.24428058,0.12497898
40280524,2020-03-21,0.43200263,0.2507347,0.11982509
40280524,2020-03-31,0.44831488,0.28499925,0.13416237
40280524,2020-04-05,0.38370717,0.21430218,0.100968614
40280524,2020-04-10,0.44419712,0.23888507,0.12845969
40280524,2020-04-15,0.41654658,0.2427103,0.1329864
40280524,2020-04-25,0.6376929,0.4132159,0.35394034
40280524,2020-05-25,0.810645,0.87141734,1.2928724
40280524,2020-06-29,0.87459415,0.7913775,1.3359435
40280524,2020-07-04,0.9037895,0.7946894,1.4686154
40280524,2020-07-09,0.891379,0.7811117,1.3631674
40280524,2020-07-14,0.84808016,0.71113604,1.1794856
40280524,2020-07-19,0.8835905,0.7196984,1.2105957
40280524,2020-07-29,0.88826084,0.74835163,1.1714907
40280524,2020-08-08,0.8830784,0.72097105,1.0967541
40280524,2020-08-13,0.82170725,0.6527538,0.92660433
40280524,2020-09-12,0.8385443,0.59808433,0.8062336
40280524,2020-09-17,0.8576101,0.6478525,0.82682353
40280524,2020-11-01,0.42857146,0.28984463,0.14441305
40280524,2020-11-06,0.53301513,0.24237603,0.124682024
40280524,2021-02-14,0.53831506,0.21681617,0.11351689
40280524,2021-02-24,0.4256283,0.19316351,0.097270645
40280524,2021-03-01,0.49289614,0.23720194,0.14509016
40280524,2021-03-06,0.49838477,0.27504054,0.14603233
40280524,2021-03-21,0.4567308,0.23408076,0.12411091
40280524,2021-03-26,0.45806903,0.23081566,0.12405905
40280524,2021-03-31,0.43831638,0.22054261,0.11626778
40280524,2021-04-05,0.4282394,0.15452679,0.08993137
40280524,2021-04-25,0.4016313,0.22320943,0.11303548
40280524,2021-05-10,0.6426783,0.38013098,0.29894406
40280524,2021-05-20,0.69679016,0.32104665,0.25147974
40280524,2021-06-04,0.80704796,0.7732187,1.0807081
40280524,2021-06-09,0.85840344,0.7798265,1.2725139
40280524,2021-06-14,0.8777275,0.77641374,1.4335715
40280524,2021-06-19,0.8522954,0.7483351,1.262246
40280524,2021-06-24,0.8311549,0.72304654,1.1733807
40280524,2021-06-29,0.8576915,0.7322082,1.2800848
40280524,2021-07-09,0.8762307,0.7747655,1.3049089
40280524,2021-07-14,0.8758865,0.80713093,1.3202592
40280524,2021-07-19,0.86258537,0.70469916,1.1816974
40280524,2021-07-24,0.79157513,0.7297188,1.0467706
40280524,2021-07-29,0.8675437,0.6807746,1.199046
40280524,2021-08-18,0.85916173,0.6363314,1.0288568
40280524,2021-09-02,0.89125174,0.67247725,1.0057058
40280524,2021-09-07,0.8775412,0.65655094,0.91342944
40280524,2021-09-12,0.8693671,0.6317145,0.844816
40280524,2021-10-17,0.78686965,0.45874783,0.38690585
40280524,2021-10-27,0.59292793,0.24533416,0.14824441
40280524,2021-11-11,0.57679176,0.14776602,0.091717824
40285278,2017-01-01,0.6692087,0.25387868,0.2672757
40285278,2017-01-11,0.59505266,0.23816508,0.24382311
40285278,2017-02-20,0.5359883,0.27758855,0.20836715
40285278,2017-03-12,0.62945175,0.29486746,0.22875366
40285278,2017-04-01,0.5976562,0.29876974,0.25266185
40285278,2017-04-11,0.667935,0.37623724,0.35991028
40285278,2017-04-21,0.7856592,0.3997176,0.43503362
40285278,2017-05-21,0.8978479,0.56973785,1.1428978
40285278,2017-05-31,0.8742674,0.5806177,1.1741242
40285278,2017-06-10,0.8883796,0.60989153,1.3291347
40285278,2017-06-20,0.8606965,0.5885243,1.1176232
40285278,2017-07-05,0.84842783,0.62287897,1.1188012
40285278,2017-07-15,0.86379546,0.61890066,1.0374225
40285278,2017-07-20,0.8654251,0.55238134,0.87150156
40285278,2017-07-25,0.8980264,0.6007482,1.0801631
40285278,2017-08-04,0.8516466,0.5522293,0.8157136
40285278,2017-08-09,0.7783703,0.53210443,0.77635276
40285278,2017-08-24,0.88304406,0.63074577,0.9982972
40285278,2017-08-29,0.87880725,0.52960044,0.97131723
40285278,2017-09-28,0.87198675,0.41410074,0.5707441
40285278,2017-10-08,0.70396596,0.40942416,0.37691265
40285278,2017-10-13,0.69953364,0.37447843,0.3110447
40285278,2017-10-18,0.6770484,0.2801459,0.26591292
40285278,2017-12-17,0.0017356384,0.02341042,-0.01955507
40285278,2018-01-21,0.78794646,0.2806711,0.25657347
40285278,2018-04-21,0.7970923,0.49041343,0.48821944
40285278,2018-05-31,0.8276481,0.600864,1.1399384
40285278,2018-06-10,0.86666673,0.6145891,1.2981743
40285278,2018-06-20,0.8760121,0.62867725,1.2565211
40285278,2018-06-30,0.8689903,0.5652632,1.1544192
40285278,2018-07-05,0.87189674,0.64734936,1.2418151
40285278,2018-07-10,0.8267428,0.6693191,1.2201654
40285278,2018-07-20,0.83509374,0.50871736,0.813481
40285278,2018-07-25,0.84883064,0.5590412,0.8550318
40285278,2018-07-30,0.85576344,0.5491228,0.8755607
40285278,2018-08-04,0.83430636,0.57636166,0.8845166
40285278,2018-08-09,0.85473174,0.5419246,0.9614097
40285278,2018-08-19,0.849416,0.5342508,0.89789087
40285278,2018-08-29,0.84384567,0.53792405,0.8187568
40285278,2018-09-18,0.42300624,0.5443624,0.32588074
40285278,2018-09-28,0.907943,0.4729472,0.7867063
40285278,2018-10-03,0.7879789,0.48464414,0.61537284
40285278,2018-10-13,0.72357726,0.3465732,0.37768185
40285278,2018-10-23,0.68951285,0.321228,0.37489113
40285278,2018-11-17,0.60892934,0.28861982,0.20726569
40285278,2018-12-27,0.6325051,0.2527509,0.20487425
40285278,2019-01-01,0.6772367,0.24795789,0.2517767
40285278,2019-01-06,0.62488556,0.26940674,0.21831203
40285278,2019-01-11,0.6338913,0.24490789,0.19561447
40285278,2019-02-15,0.5555555,0.25122106,0.18719015
40285278,2019-02-20,0.47933376,0.2895041,0.22614275
40285278,2019-02-25,0.5643454,0.21502869,0.16482762
40285278,2019-03-02,0.5958155,0.2481581,0.21004654
40285278,2019-03-22,0.5673353,0.2312364,0.20781958
40285278,2019-04-01,0.58933777,0.2738851,0.21643035
40285278,2019-04-16,0.5907123,0.303453,0.2317655
40285278,2019-04-21,0.7360681,0.37801096,0.38035432
40285278,2019-05-01,0.8327956,0.5483236,0.7734972
40285278,2019-06-20,0.8496994,0.6559913,1.1846478
40285278,2019-06-25,0.8751201,0.70176786,1.321814
40285278,2019-06-30,0.8842592,0.63499683,0.9796826
40285278,2019-07-05,0.8637804,0.6328575,1.0601592
40285278,2019-07-10,0.75954515,0.4109168,0.7396323
40285278,2019-07-20,0.86181813,0.6363636,0.995508
40285278,2019-07-25,0.8705692,0.6426674,1.0955514
40285278,2019-07-30,0.5320088,0.7394288,0.6112897
40285278,2019-08-04,0.8576592,0.6046886,0.98091483
40285278,2019-08-09,0.8907038,0.57520425,1.1463369
40285278,2019-08-14,0.8855055,0.68173295,1.317126
40285278,2019-08-19,0.84693235,0.5489055,1.0103208
40285278,2019-09-03,0.8791743,0.5738517,1.0242293
40285278,2019-09-13,0.9062725,0.51415247,0.94351816
40285278,2019-10-08,0.85932434,0.38285503,0.5075113
40285278,2019-10-23,0.6001242,0.34288856,0.24885654
40285278,2019-12-07,0.62358713,0.25283918,0.2228156
40285278,2020-01-01,0.60873985,0.2531592,0.2005673
40285278,2020-01-06,0.6863905,0.27656358,0.22773463
40285278,2020-01-11,0.6529351,0.25295243,0.22989061
40285278,2020-01-16,0.6232282,0.26012442,0.2285504
40285278,2020-02-05,0.6703741,0.26508334,0.22757636
40285278,2020-03-11,0.49960342,0.2618018,0.1922635
40285278,2020-03-16,0.646789,0.2733088,0.22084606
40285278,2020-04-05,0.6015069,0.2744671,0.2180274
40285278,2020-04-10,0.6018519,0.28880724,0.22168519
40285278,2020-04-15,0.6449941,0.3106151,0.30142722
40285278,2020-04-25,0.8158549,0.44039765,0.571596
40285278,2020-05-25,0.82576686,0.5890591,0.94575715
40285278,2020-05-30,0.87543976,0.7961688,1.4625741
40285278,2020-06-29,0.86501235,0.6779463,1.1799309
40285278,2020-07-04,0.9171796,0.6167915,1.2753174
40285278,2020-07-09,0.883972,0.6230032,1.2015287
40285278,2020-07-14,0.8716788,0.584955,0.93547523
40285278,2020-07-19,0.8099223,0.30675542,0.49000204
40285278,2020-07-29,0.8722308,0.64119077,1.0636845
40285278,2020-08-08,0.8610778,0.571883,0.99338925
40285278,2020-08-13,0.80738455,0.5538202,0.898973
40285278,2020-09-12,0.8505576,0.46334553,0.79443264
40285278,2020-11-06,0.6261491,0.24465197,0.18958801
40285278,2020-11-21,0.7053327,0.2603702,0.2321944
40285278,2020-11-26,0.645953,0.25208884,0.19640726
40285278,2021-02-14,0.5971093,0.26216635,0.19920087
40285278,2021-02-24,0.5127081,0.23433745,0.15620886
40285278,2021-03-01,0.6471827,0.24314487,0.22009929
40285278,2021-03-21,0.61470324,0.28570253,0.22146727
40285278,2021-03-26,0.61245674,0.28723276,0.21168742
40285278,2021-03-31,0.58690846,0.2555166,0.22466134
40285278,2021-04-05,0.5956284,0.29620716,0.24460861
40285278,2021-04-10,0.4841761,0.26880202,0.19180872
40285278,2021-04-25,0.6122932,0.3049331,0.2612097
40285278,2021-05-05,0.71037513,0.5474453,0.56212986
40285278,2021-05-10,0.79088646,0.47968808,0.6139295
40285278,2021-05-20,0.77428854,0.720548,1.0213733
40285278,2021-06-04,0.81650037,0.6580237,1.0714432
40285278,2021-06-09,0.86855364,0.68662775,1.3330625
40285278,2021-06-14,0.9027079,0.7073913,1.5039104
40285278,2021-06-19,0.85135466,0.66269785,1.281716
40285278,2021-06-24,0.82024175,0.6213051,1.121088
40285278,2021-06-29,0.8665663,0.6368898,1.1732635
40285278,2021-07-09,0.87411165,0.6485875,1.0186311
40285278,2021-07-14,0.85544604,0.6584578,1.02813
40285278,2021-07-19,0.86724234,0.61838603,1.0329164
40285278,2021-07-24,0.80140775,0.64873224,0.993269
40285278,2021-07-29,0.88793814,0.61886805,1.171794
40285278,2021-08-03,0.84495264,0.6538063,1.0393065
40285278,2021-08-18,0.8857666,0.5687836,1.1857837
40285278,2021-09-02,0.9042905,0.5518631,1.151545
40285278,2021-09-07,0.89273876,0.5757199,1.0526316
40285278,2021-09-12,0.8693362,0.5092802,0.9392912
40285278,2021-10-17,0.8575279,0.43823054,0.50356156
40285278,2021-10-27,0.6915114,0.25852394,0.23955613
40285278,2021-11-11,0.5817746,0.24974266,0.18892883
40286799,2017-01-01,0.6182237,0.20027651,0.14431378
40286799,2017-01-11,0.526777,0.21138594,0.12827322
40286799,2017-02-20,0.46828085,0.19122009,0.1249229
40286799,2017-03-12,0.50048494,0.19538791,0.13514669
40286799,2017-04-01,0.46130824,0.2096937,0.14307341
40286799,2017-04-11,0.576133,0.31369832,0.25688583
40286799,2017-04-21,0.7294163,0.35807812,0.30215156
40286799,2017-05-21,0.9228071,0.60695904,1.2439204
40286799,2017-05-31,0.9187205,0.6208803,1.4068565
40286799,2017-06-10,0.9144013,0.59178025,1.4145463
40286799,2017-06-20,0.89010984,0.6164383,1.2543749
40286799,2017-07-05,0.85159624,0.59317285,1.1531715
40286799,2017-07-10,0.4557136,0.33098894,0.49995875
40286799,2017-07-15,0.8758187,0.6417985,1.245928
40286799,2017-07-20,0.86223567,0.54063267,1.079013
40286799,2017-07-25,0.9049853,0.5838062,1.224902
40286799,2017-08-04,0.8492702,0.56113213,0.9944938
40286799,2017-08-09,0.83791786,0.54184836,0.9582375
40286799,2017-08-24,0.87701684,0.5702692,0.8997695
40286799,2017-08-29,0.913648,0.49679676,1.0167972
40286799,2017-09-28,0.867387,0.35854957,0.54589134
40286799,2017-10-08,0.6963235,0.39450115,0.31020713
40286799,2017-10-13,0.61226255,0.2663711,0.1659289
40286799,2017-10-18,0.58007115,0.19566262,0.1378221
40286799,2018-01-21,0.7473309,0.17756733,0.12633334
40286799,2018-04-21,0.77533895,0.4632416,0.4327844
40286799,2018-05-31,0.82569945,0.6239943,1.198225
40286799,2018-06-10,0.86873376,0.6286462,1.3990695
40286799,2018-06-15,0.92727274,0.28375775,0.6590234
40286799,2018-06-20,0.88074094,0.63835657,1.3554289
40286799,2018-06-30,0.87234044,0.6507937,1.4185469
40286799,2018-07-05,0.8662837,0.6220231,1.2554408
40286799,2018-07-10,0.81665105,0.66143876,1.3185724
40286799,2018-07-20,0.8312817,0.49030492,0.88312745
40286799,2018-07-25,0.86626685,0.5522845,1.0908144
40286799,2018-07-30,0.8553016,0.56516856,1.0681113
40286799,2018-08-04,0.8218844,0.58388954,1.0684093
40286799,2018-08-09,0.8655204,0.54391444,1.0553054
40286799,2018-08-19,0.8463509,0.5175587,0.93734676
40286799,2018-08-29,0.82741785,0.51980203,0.82476366
40286799,2018-09-18,0.82003397,0.4973229,0.73254997
40286799,2018-09-28,0.8868814,0.47522834,0.71223474
40286799,2018-10-03,0.8112049,0.4558589,0.54510653
40286799,2018-10-13,0.65816605,0.25081676,0.21395008
40286799,2018-10-23,0.5900558,0.22532646,0.17546296
40286799,2018-11-17,0.5615672,0.24198085,0.13307735
40286799,2018-12-27,0.55568856,0.18664521,0.09945868
40286799,2019-01-01,0.5131326,0.16422684,0.10936129
40286799,2019-01-11,0.5326024,0.1918839,0.12600534
40286799,2019-02-15,0.49108914,0.20559587,0.114976116
40286799,2019-02-20,0.39846152,0.2005032,0.12011904
40286799,2019-02-25,0.46341464,0.21729188,0.11869865
40286799,2019-03-02,0.48991203,0.19204248,0.12663656
40286799,2019-03-22,0.47550717,0.18698682,0.13674743
40286799,2019-04-01,0.4904181,0.22282028,0.14360276
40286799,2019-04-16,0.49349657,0.25069964,0.16077422
40286799,2019-04-21,0.7253548,0.3768584,0.3346613
40286799,2019-05-01,0.84623533,0.6084868,0.7211946
40286799,2019-06-20,0.85707074,0.6472159,1.3470855
40286799,2019-06-25,0.8662838,0.4838266,0.5635397
40286799,2019-06-30,0.8984875,0.643899,1.409145
40286799,2019-07-05,0.8769536,0.68027866,1.3254662
40286799,2019-07-10,0.83717066,0.68924415,1.2281346
40286799,2019-07-20,0.8667389,0.62429273,1.1151934
40286799,2019-07-25,0.8642241,0.6337666,1.1232013
40286799,2019-08-04,0.861883,0.6387701,1.0668813
40286799,2019-08-09,0.8723404,0.540789,1.0558081
40286799,2019-08-14,0.8933065,0.6849844,1.2725093
40286799,2019-08-19,0.84995425,0.57790405,0.98034245
40286799,2019-09-03,0.8744112,0.5614919,0.9827392
40286799,2019-09-13,0.90666217,0.5381589,0.8806451
40286799,2019-10-08,0.83069867,0.3382194,0.4762567
40286799,2019-10-23,0.55666924,0.26747674,0.15162283
40286799,2019-12-07,0.5596708,0.17207205,0.10999611
40286799,2020-01-01,0.53465945,0.19213273,0.10628882
40286799,2020-01-06,0.5696751,0.16895075,0.119136006
40286799,2020-01-11,0.57796943,0.18233964,0.11329072
40286799,2020-01-16,0.5157159,0.17613612,0.12494495
40286799,2020-02-05,0.5614237,0.19694714,0.14322978
40286799,2020-03-16,0.5291113,0.20352836,0.13289633
40286799,2020-04-05,0.5055744,0.2042215,0.13921008
40286799,2020-04-10,0.47186857,0.22003062,0.142286
40286799,2020-04-15,0.61642706,0.29134315,0.23007894
40286799,2020-04-25,0.8544998,0.51958203,0.6223755
40286799,2020-05-30,0.8652374,0.7704445,1.3781946
40286799,2020-06-29,0.84483236,0.6192623,1.093645
40286799,2020-07-04,0.89597964,0.53704625,1.154807
40286799,2020-07-09,0.8815371,0.5918066,1.2145582
40286799,2020-07-14,0.8859674,0.6068017,1.1695738
40286799,2020-07-29,0.860849,0.5742606,1.0454274
40286799,2020-08-08,0.8577939,0.5719901,0.9729779
40286799,2020-08-13,0.73239845,0.54332274,0.76090556
40286799,2020-09-12,0.8618618,0.46947208,0.7177544
40286799,2020-11-01,0.36028367,0.21052633,0.106598295
40286799,2020-11-06,0.58431375,0.18702927,0.10649544
40286799,2020-11-21,0.6177325,0.1778466,0.114221774
40286799,2020-11-26,0.5647734,0.18384643,0.098248154
40286799,2021-02-14,0.51336145,0.21912271,0.12810233
40286799,2021-02-24,0.44283834,0.2017078,0.119936414
40286799,2021-03-01,0.49946293,0.17926674,0.13279578
40286799,2021-03-21,0.44006252,0.23336233,0.13286565
40286799,2021-03-26,0.51392406,0.23919873,0.14088501
40286799,2021-03-31,0.4857685,0.19964126,0.13532147
40286799,2021-04-05,0.464777,0.21506,0.13610476
40286799,2021-04-10,0.35879946,0.20270531,0.10921064
40286799,2021-04-25,0.49960536,0.24129912,0.16390929
40286799,2021-05-05,0.72741044,0.59609497,0.52007395
40286799,2021-05-10,0.8309039,0.54692006,0.60337293
40286799,2021-06-04,0.8146772,0.6741746,1.067299
40286799,2021-06-09,0.8714154,0.7246712,1.3151575
40286799,2021-06-14,0.90772164,0.71557796,1.4576699
40286799,2021-06-19,0.8543576,0.67329407,1.3006269
40286799,2021-06-24,0.84138113,0.64514273,1.21073
40286799,2021-06-29,0.86585367,0.6342353,1.3072426
40286799,2021-07-09,0.8884758,0.6712226,1.3900607
40286799,2021-07-14,0.7524842,0.20763747,0.353165
40286799,2021-07-19,0.86330533,0.6039585,1.1723691
40286799,2021-07-24,0.7825083,0.6429113,1.0085604
40286799,2021-07-29,0.8788052,0.59087044,1.1077877
40286799,2021-08-03,0.82871294,0.6924509,1.194593
40286799,2021-08-18,0.88725966,0.5377597,1.0213767
40286799,2021-09-02,0.87861687,0.5021579,0.91080505
40286799,2021-09-07,0.8927423,0.5025358,0.8764571
40286799,2021-09-12,0.8698884,0.48668888,0.7924034
40286799,2021-10-17,0.84282905,0.34974724,0.34670305
40286799,2021-10-27,0.6529968,0.2072072,0.12300944
40286799,2021-11-11,0.5216931,0.20032507,0.12948346
40286799,2021-12-31,0.57829076,0.19689053,0.12665738
40290523,2017-01-01,0.86666673,0.0032459425,0.0
40290523,2017-04-21,0.7648546,0.25817186,0.2994634
40290523,2017-05-21,0.9348371,0.54434675,1.0439825
40290523,2017-05-31,0.87238294,0.58776116,1.1963279
40290523,2017-06-10,0.9253609,0.6389662,1.4061239
40290523,2017-06-20,0.8632873,0.6526789,1.2036074
40290523,2017-07-10,0.7306734,0.56147003,0.7287577
40290523,2017-07-20,0.83914936,0.5933837,1.0984658
40290523,2017-07-25,0.9354838,0.4006376,0.82438916
40290523,2017-08-04,0.82028246,0.5260991,0.88330007
40290523,2017-08-09,0.6368286,0.29240224,0.5993166
40290523,2017-08-24,0.82004386,0.25956282,0.448175
40290523,2017-09-28,0.8524404,0.4405381,0.48942888
40290523,2017-10-18,0.9002849,0.29377586,0.24084975
40290523,2018-01-21,0.97058827,0.01639263,0.0044
40290523,2018-04-06,0.49123946,0.15948929,0.14143911
40290523,2018-04-11,0.28218746,0.21359108,0.12331074
40290523,2018-04-21,0.7805789,0.372151,0.3340405
40290523,2018-04-26,0.34854642,0.6471522,0.4516877
40290523,2018-05-31,0.8077729,0.6316882,1.3344356
40290523,2018-06-15,0.8757226,0.6509363,1.4667068
40290523,2018-06-20,0.8922693,0.65747887,1.391297
40290523,2018-07-05,0.85437125,0.65593964,1.32748
40290523,2018-07-20,0.72078973,0.69656974,0.9944536
40290523,2018-07-25,0.84783256,0.5512521,1.011276
40290523,2018-07-30,0.85082513,0.5317657,0.9924819
40290523,2018-08-04,0.7957394,0.5000197,0.8698927
40290523,2018-08-09,0.8444526,0.46572617,0.8345131
40290523,2018-08-14,0.8520484,0.5401518,0.974615
40290523,2018-08-19,0.79664975,0.43127087,0.7446991
40290523,2018-08-29,0.7502653,0.4616088,0.6394593
40290523,2018-09-18,0.75885975,0.46900293,0.57777065
40290523,2018-09-28,0.95072466,0.35584486,0.57206804
40290523,2018-10-03,0.75907034,0.63850075,0.47258213
40290523,2018-10-13,0.62175375,0.37866098,0.244671
40290523,2018-10-23,0.6084657,0.29248446,0.19745265
40290523,2019-01-11,0.46158162,0.16912581,0.07797029
40290523,2019-03-12,0.5175159,0.14322227,0.12859024
40290523,2019-03-22,0.5235337,0.15983553,0.11834093
40290523,2019-04-01,0.45639184,0.17516507,0.12987377
40290523,2019-04-16,0.469428,0.21729209,0.16523224
40290523,2019-04-21,0.60397136,0.23361495,0.21729319
40290523,2019-05-01,0.7687231,0.5319698,0.58847725
40290523,2019-06-10,0.78609896,0.5942686,0.91107637
40290523,2019-06-20,0.84713376,0.72913814,1.3295954
40290523,2019-06-25,0.8601639,0.8027227,1.547837
40290523,2019-06-30,0.9088176,0.69226074,1.4337157
40290523,2019-07-05,0.86794776,0.7124944,1.3013458
40290523,2019-07-10,0.82217336,0.75306654,1.2281983
40290523,2019-07-20,0.8464409,0.6389101,1.1489015
40290523,2019-07-25,0.83324283,0.6399933,1.1752567
40290523,2019-07-30,0.7655933,0.64009905,0.8036899
40290523,2019-08-04,0.8583624,0.57738936,1.1046749
40290523,2019-08-09,0.8472907,0.49215174,0.93602777
40290523,2019-08-14,0.8704268,0.50941205,0.98388004
40290523,2019-08-19,0.7794163,0.5661683,0.8222485
40290523,2019-09-03,0.82418424,0.5078051,0.81812984
40290523,2019-09-13,0.9161075,0.38730732,0.6202201
40290523,2019-10-08,0.734957,0.40490943,0.4622648
40290523,2019-10-23,0.5901495,0.28763717,0.231497
40290523,2020-03-16,0.53772295,0.17857957,0.14031059
40290523,2020-04-05,0.48745045,0.15472995,0.1366964
40290523,2020-04-10,0.4952681,0.206724,0.15138142
40290523,2020-04-15,0.57789475,0.23062383,0.20520781
40290523,2020-04-25,0.7760121,0.4105942,0.42721826
40290523,2020-05-25,0.85041744,0.91519135,1.7341851
40290523,2020-06-29,0.8485114,0.7676463,1.4789841
40290523,2020-07-04,0.9280611,0.6681359,1.5790775
40290523,2020-07-09,0.9016726,0.6836523,1.4848851
40290523,2020-07-14,0.86770433,0.6065434,1.234061
40290523,2020-07-19,0.9014591,0.83382237,1.6139395
40290523,2020-07-29,0.8777243,0.63988274,1.1651365
40290523,2020-08-08,0.8463576,0.5551694,1.0976864
40290523,2020-08-13,0.75857264,0.5896247,0.85832644
40290523,2020-09-12,0.8025045,0.47320673,0.6550184
40290523,2020-09-17,0.7665544,0.52187866,0.7247031
40290523,2021-02-24,0.3457573,0.2775037,0.1598944
40290523,2021-03-01,0.5591985,0.18494716,0.10396444
40290523,2021-03-26,0.54210156,0.18610539,0.14541557
40290523,2021-03-31,0.5738831,0.22058824,0.16114973
40290523,2021-04-05,0.4541086,0.2106366,0.16488615
40290523,2021-04-25,0.46641964,0.21737254,0.18376973
40290523,2021-05-10,0.7841925,0.46676213,0.45707864
40290523,2021-06-04,0.7579812,0.5346802,0.71368885
40290523,2021-06-09,0.83273864,0.7368379,1.3078272
40290523,2021-06-14,0.88457,0.70410645,1.4618392
40290523,2021-06-19,0.81909114,0.70075905,1.3116485
40290523,2021-06-24,0.786137,0.6960036,1.2167361
40290523,2021-06-29,0.8532236,0.68032664,1.3404654
40290523,2021-07-09,0.87907636,0.71082103,1.3848113
40290523,2021-07-14,0.8532962,0.7497145,1.3319242
40290523,2021-07-19,0.83961123,0.65659446,1.1955296
40290523,2021-07-29,0.8503562,0.57704705,1.1449493
40290523,2021-08-18,0.84381926,0.545228,1.0197744
40290523,2021-09-02,0.8892656,0.49642557,0.9147475
40290523,2021-09-07,0.8373702,0.5790397,0.95619076
40290523,2021-09-12,0.8054631,0.5199105,0.71732056
40290523,2021-10-17,0.7479513,0.48253608,0.39075604
40290523,2021-10-27,0.5898801,0.23630027,0.18938154
40290523,2021-11-11,0.37662333,0.05634623,0.021626389
40290523,2021-12-01,0.095810995,0.18788315,0.053210914
40290715,2017-01-01,0.61635417,0.32584667,0.22352187
40290715,2017-01-11,0.5308839,0.3080774,0.20725521
40290715,2017-02-20,0.45103523,0.28984463,0.17910685
40290715,2017-03-12,0.51717097,0.27028465,0.16829796
40290715,2017-04-01,0.47837752,0.25413167,0.17088044
40290715,2017-04-11,0.56707317,0.3515343,0.29303923
40290715,2017-04-21,0.71581596,0.41267076,0.39926904
40290715,2017-05-21,0.8989021,0.6838589,1.3533858
40290715,2017-05-31,0.88971883,0.67921114,1.5175189
40290715,2017-06-10,0.89090914,0.6790857,1.6094635
40290715,2017-06-20,0.8809246,0.69011563,1.3554124
40290715,2017-07-05,0.8351801,0.6864233,1.2648262
40290715,2017-07-20,0.8922313,0.6411413,1.2275181
40290715,2017-07-25,0.9071567,0.6865006,1.3522651
40290715,2017-08-04,0.8613649,0.61822677,1.0694951
40290715,2017-08-09,0.75073487,0.277223,0.4512203
40290715,2017-08-24,0.87513286,0.62038577,0.992888
40290715,2017-08-29,0.89013803,0.6375581,1.1109806
40290715,2017-09-28,0.84356827,0.49008563,0.64470214
40290715,2017-10-08,0.6558577,0.47049114,0.3766422
40290715,2017-10-13,0.66725415,0.33630612,0.25
40290715,2017-10-18,0.59014267,0.25652108,0.18254982
40290715,2018-01-21,0.6058298,0.2999541,0.20075431
40290715,2018-04-06,0.48370048,0.27418014,0.18065582
40290715,2018-04-11,0.100700326,0.09951318,0.012830929
40290715,2018-04-21,0.77096874,0.47835767,0.45883584
40290715,2018-04-26,0.82449585,0.81741446,1.0443465
40290715,2018-05-26,0.80741256,0.49283263,0.8739306
40290715,2018-05-31,0.83409935,0.68034136,1.4026366
40290715,2018-06-10,0.86539763,0.6889522,1.5402262
40290715,2018-06-15,0.89285004,0.7581087,1.7240963
40290715,2018-06-20,0.8810593,0.69827837,1.4276872
40290715,2018-07-05,0.88097346,0.696641,1.4886996
40290715,2018-07-10,0.8513318,0.7392599,1.4967704
40290715,2018-07-20,0.8561714,0.73942906,1.3653373
40290715,2018-07-25,0.8759654,0.65814465,1.2883471
40290715,2018-07-30,0.87573504,0.6400194,1.1913495
40290715,2018-08-09,0.87348795,0.63419455,1.2434702
40290715,2018-08-14,0.73313344,0.63487643,0.9680741
40290715,2018-08-19,0.85706717,0.602957,1.0867723
40290715,2018-08-29,0.83983135,0.60442895,0.96878546
40290715,2018-09-08,0.8346384,0.68110055,1.1051704
40290715,2018-09-28,0.8933257,0.6157597,0.9334891
40290715,2018-10-03,0.85092497,0.6058025,0.739653
40290715,2018-10-13,0.6629741,0.35794547,0.29568115
40290715,2018-10-23,0.62716466,0.33189577,0.26160866
40290715,2018-11-17,0.52080166,0.30977926,0.1992861
40290715,2018-12-27,0.60893047,0.30977502,0.21385874
40290715,2019-01-01,0.57990867,0.30648994,0.18302234
40290715,2019-01-11,0.55900174,0.37489033,0.22335295
40290715,2019-02-15,0.5098789,0.28932044,0.1786633
40290715,2019-02-20,0.44142616,0.281152,0.16256812
40290715,2019-02-25,0.5213229,0.23978224,0.14407901
40290715,2019-03-02,0.5140665,0.28677416,0.1716211
40290715,2019-03-22,0.50457317,0.2513956,0.14505814
40290715,2019-04-01,0.504787,0.27862817,0.16547132
40290715,2019-04-16,0.5307108,0.2963277,0.18525806
40290715,2019-04-21,0.6821545,0.41965556,0.3973215
40290715,2019-05-01,0.8550663,0.7160503,0.87755156
40290715,2019-06-10,0.7662399,0.6147759,0.9631485
40290715,2019-06-20,0.8613277,0.7394608,1.4470124
40290715,2019-06-25,0.86703956,0.74091774,1.5826772
40290715,2019-06-30,0.9041684,0.7439098,1.5461626
40290715,2019-07-05,0.8774967,0.73379856,1.3810165
40290715,2019-07-15,0.7889563,0.56646454,0.85686934
40290715,2019-07-20,0.86404467,0.67244834,1.2131447
40290715,2019-07-25,0.8732326,0.6980008,1.2315053
40290715,2019-07-30,0.8460439,0.6843506,1.2264612
40290715,2019-08-04,0.85573936,0.6750217,1.1059347
40290715,2019-08-09,0.87887967,0.6479759,1.2774194
40290715,2019-08-14,0.88550323,0.71105504,1.3062031
40290715,2019-08-19,0.8536942,0.6694841,1.1302308
40290715,2019-09-03,0.8647166,0.6497762,1.121217
40290715,2019-09-13,0.89192235,0.60776347,1.0469692
40290715,2019-10-08,0.8143712,0.465984,0.6134384
40290715,2019-10-23,0.6136364,0.33360788,0.21294673
40290715,2019-11-22,0.5753086,0.39778063,0.24459909
40290715,2019-12-07,0.5715884,0.35196474,0.2174252
40290715,2020-01-01,0.6074074,0.35092723,0.20144054
40290715,2020-01-06,0.55444443,0.3310116,0.21041359
40290715,2020-01-11,0.5772167,0.33342376,0.21140097
40290715,2020-01-16,0.5552283,0.3206873,0.21588776
40290715,2020-02-05,0.5672841,0.2936281,0.20030399
40290715,2020-03-16,0.55720556,0.30259153,0.1658877
40290715,2020-04-05,0.510942,0.28192922,0.16725448
40290715,2020-04-10,0.51175654,0.27352703,0.1659188
40290715,2020-04-15,0.6074709,0.35062918,0.27140024
40290715,2020-04-25,0.8430189,0.5959452,0.76339287
40290715,2020-06-29,0.8584572,0.70460445,1.3115503
40290715,2020-07-04,0.9062798,0.6823555,1.3999184
40290715,2020-07-09,0.8892971,0.679047,1.2969832
40290715,2020-07-14,0.8761343,0.7007548,1.29101
40290715,2020-07-19,0.87471104,0.72540444,1.2947243
40290715,2020-07-29,0.8639637,0.63652086,1.1373374
40290715,2020-08-08,0.85945654,0.6068771,1.0500437
40290715,2020-08-13,0.8026929,0.614616,0.9504505
40290715,2020-09-12,0.85797906,0.63837445,0.92685485
40290715,2020-09-17,0.8423645,0.64339185,0.89723206
40290715,2020-11-06,0.5992892,0.26464474,0.16427676
40290715,2020-11-21,0.6516129,0.30009282,0.20205754
40290715,2020-11-26,0.5900234,0.28639528,0.18559177
40290715,2021-02-14,0.5493723,0.29362693,0.18514214
40290715,2021-02-24,0.49334267,0.26221693,0.15504356
40290715,2021-03-01,0.5440263,0.2708849,0.16986692
40290715,2021-03-16,0.533042,0.3356374,0.21671024
40290715,2021-03-21,0.51854223,0.3019809,0.16533646
40290715,2021-03-26,0.5399129,0.28094554,0.16378355
40290715,2021-03-31,0.49249923,0.27430138,0.16340625
40290715,2021-04-05,0.4853286,0.29413858,0.17065376
40290715,2021-04-10,0.432216,0.2812524,0.13835657
40290715,2021-04-25,0.486618,0.28197807,0.18242894
40290715,2021-05-05,0.706411,0.7167464,0.60909915
40290715,2021-05-10,0.82021934,0.6205308,0.66957015
40290715,2021-06-04,0.8140942,0.71212465,1.1144427
40290715,2021-06-09,0.8665322,0.7763728,1.4057441
40290715,2021-06-14,0.9039465,0.7799157,1.5914263
40290715,2021-06-19,0.8521023,0.721312,1.4503597
40290715,2021-06-24,0.831138,0.7078751,1.2811313
40290715,2021-06-29,0.8649432,0.70208764,1.4388986
40290715,2021-07-09,0.8928012,0.8038325,1.5471376
40290715,2021-07-14,0.86928934,0.77194697,1.4439366
40290715,2021-07-19,0.8683556,0.7059061,1.3381118
40290715,2021-07-24,0.8243735,0.7559509,1.1841342
40290715,2021-07-29,0.8828704,0.70161885,1.321565
40290715,2021-08-18,0.882805,0.67429745,1.2227588
40290715,2021-09-02,0.90157384,0.6791239,1.1760625
40290715,2021-09-07,0.8830017,0.66861516,1.0951141
40290715,2021-09-12,0.86633414,0.66717875,1.0023866
40290715,2021-10-17,0.79637146,0.5269476,0.46473888
40290715,2021-10-27,0.63165265,0.32211986,0.19277875
40290715,2021-11-11,0.52100223,0.2895998,0.18135652
40290715,2021-12-31,0.5786736,0.33703184,0.22475687
40301378,2017-01-01,0.5614407,0.26395303,0.17655465
40301378,2017-01-11,0.51184404,0.28612134,0.18182841
40301378,2017-02-20,0.4979536,0.25099713,0.15213558
40301378,2017-03-12,0.5143844,0.24294358,0.14973913
40301378,2017-04-01,0.4542917,0.23038541,0.14806993
40301378,2017-04-21,0.8274722,0.50720364,0.4422439
40301378,2017-05-21,0.932883,0.717855,1.4030393
40301378,2017-05-31,0.9263547,0.67713976,1.5718942
40301378,2017-06-10,0.93921113,0.71875,1.6219331
40301378,2017-06-20,0.9004658,0.68187726,1.4324399
40301378,2017-07-05,0.87905467,0.71377504,1.3893534
40301378,2017-07-15,0.8931076,0.7006261,1.4513967
40301378,2017-07-20,0.869954,0.6076376,1.0760007
40301378,2017-07-25,0.9235669,0.6812678,1.4771155
40301378,2017-08-04,0.8612482,0.57971865,1.0439163
40301378,2017-08-09,0.8691437,0.6036352,1.1248467
40301378,2017-08-24,0.87931037,0.6073295,1.0321857
40301378,2017-08-29,0.9075269,0.61899525,0.9295647
40301378,2017-09-28,0.84424776,0.44721547,0.5504959
40301378,2017-10-08,0.71418756,0.3929017,0.31592005
40301378,2017-10-13,0.6448994,0.3284081,0.19677764
40301378,2017-10-18,0.56775475,0.22572653,0.13302538
40301378,2018-01-21,0.61538464,0.22366053,0.1581059
40301378,2018-04-06,0.47184598,0.23028487,0.150008
40301378,2018-04-21,0.8239953,0.5400261,0.53529584
40301378,2018-04-26,0.80612046,0.80058146,1.0152419
40301378,2018-05-31,0.8607055,0.68601817,1.4318404
40301378,2018-06-10,0.8956754,0.7156597,1.4868512
40301378,2018-06-20,0.90320385,0.7115495,1.5472581
40301378,2018-06-30,0.8815385,0.7995814,1.6878158
40301378,2018-07-05,0.8942054,0.7221612,1.4761916
40301378,2018-07-10,0.8376935,0.61693925,1.0773351
40301378,2018-07-20,0.8678695,0.6350717,1.0903069
40301378,2018-07-25,0.88526165,0.6555978,1.2033296
40301378,2018-07-30,0.8753301,0.613204,1.1983945
40301378,2018-08-04,0.8591908,0.53729385,0.53636456
40301378,2018-08-09,0.79880714,0.42002928,0.5865818
40301378,2018-08-19,0.86987036,0.60614043,1.0304301
40301378,2018-08-29,0.8537156,0.56856704,0.8985599
40301378,2018-09-08,0.86452854,0.58265626,1.012246
40301378,2018-09-18,0.86140454,0.5451113,0.8527107
40301378,2018-09-28,0.9043,0.55449826,0.81778526
40301378,2018-10-03,0.80401033,0.48900422,0.6099941
40301378,2018-10-13,0.6280926,0.30030146,0.22756696
40301378,2018-10-23,0.6296881,0.2941068,0.19924025
40301378,2018-11-17,0.5310917,0.22304328,0.12443769
40301378,2018-12-27,0.5491931,0.20807037,0.11588381
40301378,2019-01-01,0.51094097,0.18948308,0.123169206
40301378,2019-01-11,0.51455605,0.26668176,0.14503267
40301378,2019-02-15,0.5041171,0.22193581,0.12530124
40301378,2019-02-20,0.4364841,0.26877734,0.1563056
40301378,2019-02-25,0.46373808,0.24843478,0.12205104
40301378,2019-03-02,0.49207705,0.22100402,0.1270951
40301378,2019-03-22,0.47815433,0.21918166,0.13807249
40301378,2019-04-01,0.4691604,0.22316019,0.13401082
40301378,2019-04-16,0.5019011,0.25720966,0.15785678
40301378,2019-04-21,0.77178794,0.4876433,0.4085234
40301378,2019-05-01,0.86561996,0.68821824,0.766118
40301378,2019-06-20,0.8714486,0.7008016,1.3497971
40301378,2019-06-25,0.88046175,0.48751542,0.4121167
40301378,2019-06-30,0.91367245,0.70439255,1.4229875
40301378,2019-07-05,0.8872701,0.70603216,1.4007897
40301378,2019-07-10,0.8672234,0.77398914,1.2975152
40301378,2019-07-15,0.7887087,0.5918376,0.8250629
40301378,2019-07-20,0.87147033,0.6811005,1.1501322
40301378,2019-07-25,0.8775913,0.6863805,1.2042664
40301378,2019-07-30,0.8678794,0.71333015,1.2790922
40301378,2019-08-04,0.8746935,0.63629514,1.1199695
40301378,2019-08-09,0.8906617,0.6443738,1.1414338
40301378,2019-08-14,0.7164518,0.6046323,0.7188687
40301378,2019-08-19,0.8481562,0.6185241,1.0204495
40301378,2019-09-03,0.8886987,0.6224764,1.069308
40301378,2019-09-13,0.9018592,0.57811034,0.95833004
40301378,2019-10-08,0.8294416,0.48162705,0.5254769
40301378,2019-10-23,0.53149897,0.26638603,0.16778426
40301378,2019-12-07,0.53490365,0.22829464,0.13731486
40301378,2020-01-01,0.54330707,0.23613015,0.1226505
40301378,2020-01-06,0.5267938,0.21586215,0.13981162
40301378,2020-01-11,0.57596153,0.23578036,0.13715737
40301378,2020-01-16,0.5252436,0.22961356,0.1361492
40301378,2020-02-05,0.5380173,0.21278214,0.13908415
40301378,2020-03-11,0.49631673,0.20969498,0.12403056
40301378,2020-03-16,0.5107527,0.21727526,0.13526316
40301378,2020-04-05,0.47941074,0.22820461,0.13558021
40301378,2020-04-10,0.48188972,0.23278813,0.13696727
40301378,2020-04-15,0.6606102,0.35443643,0.26281
40301378,2020-04-25,0.8426783,0.5676984,0.5865562
40301378,2020-05-30,0.87296766,0.77513856,1.3188263
40301378,2020-06-29,0.8517941,0.64801997,1.0834682
40301378,2020-07-04,0.9076388,0.58971167,1.1020858
40301378,2020-07-09,0.88238424,0.6284826,1.1185607
40301378,2020-07-14,0.88627446,0.66081864,1.0941539
40301378,2020-07-19,0.84935313,0.68849266,1.1056424
40301378,2020-07-29,0.86214626,0.59659535,1.0078304
40301378,2020-08-08,0.8617512,0.590045,0.9203774
40301378,2020-08-13,0.70385,0.585891,0.64687467
40301378,2020-08-28,0.7689119,0.35862735,0.5025443
40301378,2020-09-12,0.8540851,0.5461942,0.70942634
40301378,2020-09-17,0.79098874,0.51566577,0.64452666
40301378,2020-11-01,0.41960785,0.25608295,0.13403213
40301378,2020-11-06,0.55285543,0.19028105,0.11206821
40301378,2020-11-21,0.5603715,0.21259934,0.12469121
40301378,2020-11-26,0.5471491,0.20348245,0.12159209
40301378,2021-02-14,0.56073856,0.23497313,0.1328622
40301378,2021-02-24,0.4366832,0.1963685,0.1189755
40301378,2021-03-01,0.53086424,0.20087202,0.13604271
40301378,2021-03-16,0.45185187,0.24431095,0.15327251
40301378,2021-03-21,0.39353478,0.22366896,0.12422701
40301378,2021-03-26,0.49410698,0.21841937,0.12933753
40301378,2021-03-31,0.4643593,0.21232903,0.13103457
40301378,2021-04-05,0.47901708,0.2403263,0.13604504
40301378,2021-04-25,0.50257546,0.25690216,0.15681848
40301378,2021-04-30,0.60367894,0.29707044,0.18369333
40301378,2021-05-10,0.823969,0.5549755,0.51553637
40301378,2021-06-04,0.7647546,0.68318045,0.83292824
40301378,2021-06-09,0.8644068,0.70961195,1.1200495
40301378,2021-06-14,0.90584415,0.7259143,1.2980225
40301378,2021-06-19,0.8561828,0.6967333,1.1540897
40301378,2021-06-24,0.8439237,0.6621048,1.1024337
40301378,2021-06-29,0.87985694,0.6709689,1.1769758
40301378,2021-07-09,0.88582945,0.7176539,1.2702214
40301378,2021-07-14,0.8148718,0.6126855,0.8147832
40301378,2021-07-19,0.88137716,0.6522709,1.0935844
40301378,2021-07-29,0.88024265,0.63124245,1.0158527
40301378,2021-08-03,0.84806055,0.7379963,0.98488516
40301378,2021-08-18,0.8872707,0.6220223,0.9718475
40301378,2021-09-02,0.89145434,0.57593954,0.9348429
40301378,2021-09-07,0.87455684,0.60035944,0.8466303
40301378,2021-09-12,0.8677067,0.55376345,0.76221645
40301378,2021-10-17,0.7783116,0.42348194,0.3338636
40301378,2021-10-27,0.615019,0.24234025,0.13618182
40301378,2021-11-11,0.47606236,0.18531701,0.11397264
40301378,2021-12-31,0.5733855,0.18145409,0.12656592
40314120,2017-03-12,0.5417625,0.14881077,0.083504684
40314120,2017-04-01,0.47505936,0.1647582,0.08968314
40314120,2017-04-11,0.39943346,0.28367588,0.22220919
40314120,2017-04-21,0.7215686,0.40343502,0.38129362
40314120,2017-05-21,0.9271164,0.69070184,1.2988223
40314120,2017-05-31,0.8881763,0.709347,1.5387343
40314120,2017-06-10,0.8789484,0.7875036,1.5317371
40314120,2017-06-20,0.88798594,0.73546535,1.489938
40314120,2017-07-05,0.86354166,0.6563737,1.2102321
40314120,2017-07-10,0.58504575,0.5305821,0.57603973
40314120,2017-07-15,0.86891055,0.75528353,1.4092969
40314120,2017-07-20,0.8613861,0.71091056,1.3576007
40314120,2017-07-25,0.91541684,0.58775944,1.1852404
40314120,2017-08-04,0.8497316,0.71538836,1.2340176
40314120,2017-08-09,0.832078,0.6790079,1.2352062
40314120,2017-08-24,0.8518767,0.5158698,0.7617555
40314120,2017-08-29,0.8739184,0.65149283,1.2436588
40314120,2017-09-28,0.8330827,0.42697495,0.55512744
40314120,2017-10-18,0.73917925,0.29101932,0.1881541
40314120,2018-04-06,0.48575306,0.2581948,0.15894748
40314120,2018-04-11,0.40075472,0.30511397,0.17943956
40314120,2018-04-21,0.70615566,0.493747,0.40474498
40314120,2018-04-26,0.7067108,0.7924563,0.9271573
40314120,2018-05-26,0.78322786,0.60405135,1.0427238
40314120,2018-05-31,0.84380955,0.7761037,1.5232893
40314120,2018-06-10,0.8804781,0.80777663,1.6910954
40314120,2018-06-15,0.88461536,0.7472334,1.6392452
40314120,2018-06-20,0.8829228,0.7600875,1.6495348
40314120,2018-07-05,0.87021357,0.75137466,1.6072997
40314120,2018-07-10,0.8157304,0.87469876,1.5771273
40314120,2018-07-20,0.8015683,0.80439323,1.3685606
40314120,2018-07-25,0.8606742,0.6672474,1.3370883
40314120,2018-07-30,0.8593031,0.7115894,1.3018098
40314120,2018-08-04,0.8393038,0.73614514,1.3262974
40314120,2018-08-09,0.85868096,0.69244957,1.296973
40314120,2018-08-14,0.9086366,0.474575,0.9479562
40314120,2018-08-19,0.8396161,0.67421293,1.1806735
40314120,2018-08-29,0.82376957,0.71495175,1.0248499
40314120,2018-09-18,0.8076811,0.5827728,0.513664
40314120,2018-09-28,0.8872881,0.48925227,0.8597631
40314120,2018-10-03,0.5573549,0.43197826,0.5516316
40314120,2018-10-13,0.60510874,0.34152898,0.28537875
40314120,2018-10-18,0.32877883,0.44707656,0.3983034
40314120,2018-10-23,0.59677416,0.33413166,0.24235706
40314120,2019-02-15,0.4714174,0.2708296,0.16039877
40314120,2019-02-25,0.60743797,0.2690829,0.15859032
40314120,2019-03-02,0.4669893,0.2707849,0.17429392
40314120,2019-03-22,0.4909617,0.2501658,0.14693697
40314120,2019-04-01,0.4709193,0.24656186,0.16390479
40314120,2019-04-16,0.50613713,0.29697096,0.16990814
40314120,2019-04-21,0.59048873,0.33419308,0.29442436
40314120,2019-05-01,0.8077823,0.6831259,0.76455474
40314120,2019-06-10,0.78082913,0.56261647,0.8941979
40314120,2019-06-20,0.8539238,0.78009653,1.5354353
40314120,2019-06-25,0.8618925,0.86069757,1.70718
40314120,2019-06-30,0.8993922,0.7594152,1.5740402
40314120,2019-07-05,0.86299646,0.78264356,1.3924938
40314120,2019-07-10,0.8282057,0.7775969,1.2382785
40314120,2019-07-20,0.85438335,0.75794667,1.2440997
40314120,2019-07-25,0.8532818,0.76035017,1.2582191
40314120,2019-07-30,0.81367975,0.7613278,1.2487377
40314120,2019-08-04,0.8515437,0.7277593,1.1813054
40314120,2019-08-09,0.8703242,0.64617664,1.1636128
40314120,2019-08-19,0.8197888,0.67492723,1.0698215
40314120,2019-09-03,0.83982676,0.695867,1.0823553
40314120,2019-09-13,0.856903,0.5327014,0.9166468
40314120,2019-10-08,0.82454693,0.3946227,0.62072295
40314120,2019-10-23,0.46212956,0.27467272,0.16618101
40314120,2020-01-16,0.43283582,0.17326732,0.14078167
40314120,2020-02-05,0.62111795,0.3091548,0.17784615
40314120,2020-03-16,0.5426875,0.27892247,0.14752801
40314120,2020-04-05,0.49435663,0.2506103,0.15561487
40314120,2020-04-10,0.4551181,0.23152414,0.15403184
40314120,2020-04-15,0.53947806,0.29099396,0.22899762
40314120,2020-04-25,0.8228315,0.57284975,0.67043173
40314120,2020-05-25,0.8446215,0.9270124,1.6649547
40314120,2020-05-30,0.8464632,0.9419182,1.6181799
40314120,2020-06-29,0.83879614,0.79141873,1.3344042
40314120,2020-07-04,0.8981544,0.70800036,1.3974684
40314120,2020-07-09,0.88253415,0.7403034,1.4325287
40314120,2020-07-14,0.87531984,0.69949436,1.2282783
40314120,2020-07-19,0.87365913,0.8289354,1.4268243
40314120,2020-07-29,0.856518,0.7355648,1.2563974
40314120,2020-08-08,0.8377475,0.6938186,1.1225736
40314120,2020-08-13,0.76248825,0.65011257,1.0022131
40314120,2020-08-28,0.77812374,0.8295983,1.1158682
40314120,2020-09-12,0.7966844,0.5122893,0.80913657
40314120,2020-09-17,0.7894273,0.72433305,0.8666963
40314120,2020-11-06,0.5990529,0.17809379,0.12806985
40314120,2021-02-24,0.36291358,0.25520328,0.15318404
40314120,2021-03-01,0.5488105,0.25944313,0.14472789
40314120,2021-03-26,0.4982632,0.2587486,0.15340737
40314120,2021-03-31,0.4696673,0.2536819,0.16398881
40314120,2021-04-05,0.49162865,0.30814728,0.17218252
40314120,2021-04-10,0.25478348,0.17814392,0.120690264
40314120,2021-04-25,0.463035,0.2869917,0.1743399
40314120,2021-05-10,0.7651644,0.58589816,0.5908896
40314120,2021-05-20,0.5975011,0.54722303,0.47127032
40314120,2021-06-04,0.776977,0.8074179,1.0413324
40314120,2021-06-09,0.8417965,0.7902834,1.3062117
40314120,2021-06-14,0.887054,0.7925319,1.4309083
40314120,2021-06-19,0.82425094,0.7442984,1.3379582
40314120,2021-06-24,0.8161582,0.78303945,1.343016
40314120,2021-06-29,0.8407225,0.722934,1.3605673
40314120,2021-07-09,0.8798586,0.80385965,1.5165756
40314120,2021-07-14,0.8528726,0.82380295,1.5255796
40314120,2021-07-19,0.8468067,0.7364556,1.3662496
40314120,2021-07-29,0.8615053,0.7336996,1.2649418
40314120,2021-08-18,0.8641211,0.66429037,1.2174735
40314120,2021-09-02,0.877528,0.6171473,1.1186028
40314120,2021-09-07,0.8692902,0.69279015,1.1461158
40314120,2021-09-12,0.8443147,0.634453,1.0024292
40314120,2021-10-17,0.7258281,0.499148,0.44170526
40314120,2021-11-11,0.35338348,0.078550294,0.035451833
40330580,2017-01-01,0.5983956,0.36394963,0.17513172
40330580,2017-01-11,0.57942736,0.35640815,0.17550765
40330580,2017-02-20,0.5235,0.3304924,0.18536958
40330580,2017-03-12,0.52492666,0.33318853,0.18898551
40330580,2017-04-01,0.51530486,0.32880294,0.19417037
40330580,2017-04-11,0.62533695,0.34318253,0.19819815
40330580,2017-04-21,0.71364784,0.44810912,0.31894678
40330580,2017-05-21,0.92890507,0.74780875,1.485576
40330580,2017-05-31,0.91050124,0.74557835,1.6777865
40330580,2017-06-10,0.9368463,0.831669,2.0308433
40330580,2017-06-20,0.9127407,0.77633363,1.7215959
40330580,2017-07-05,0.89855075,0.86698127,1.814248
40330580,2017-07-10,0.4918544,0.23701353,0.32901382
40330580,2017-07-15,0.91366535,0.6844623,1.4144894
40330580,2017-07-20,0.90364885,0.69165057,1.5221868
40330580,2017-07-25,0.9312217,0.857643,2.0299885
40330580,2017-08-04,0.8886738,0.67452884,1.3047032
40330580,2017-08-09,0.8283888,0.6394447,0.84500456
40330580,2017-08-24,0.8946687,0.7330834,1.4176457
40330580,2017-08-29,0.904424,0.6736802,1.3339254
40330580,2017-09-28,0.8675878,0.5439844,0.72519207
40330580,2017-10-13,0.7078702,0.49849698,0.32987705
40330580,2017-10-18,0.6382015,0.32780722,0.15264966
40330580,2018-01-21,0.6247564,0.24313459,0.13439016
40330580,2018-04-06,0.51374334,0.3003844,0.15342958
40330580,2018-04-11,0.43106964,0.26189044,0.15460789
40330580,2018-04-21,0.71428573,0.4250718,0.37391675
40330580,2018-04-26,0.8335524,0.7081721,0.8281672
40330580,2018-05-31,0.88847876,0.7730146,1.7551862
40330580,2018-06-10,0.9090556,0.7978306,1.9858563
40330580,2018-06-15,0.91470593,0.81855565,1.9709427
40330580,2018-06-20,0.92192656,0.8144323,1.9255469
40330580,2018-07-05,0.9084291,0.8107369,1.8798797
40330580,2018-07-10,0.9024923,0.8390272,1.9289348
40330580,2018-07-25,0.9074194,0.72587895,1.5633157
40330580,2018-07-30,0.9084381,0.72604656,1.5551755
40330580,2018-08-04,0.8922946,0.72800523,1.512797
40330580,2018-08-09,0.9081157,0.6980747,1.4972341
40330580,2018-08-14,0.9539892,0.39709058,0.8922129
40330580,2018-08-19,0.8954493,0.6906048,1.3428922
40330580,2018-08-29,0.8750992,0.621897,1.0912199
40330580,2018-09-28,0.9220069,0.6851995,1.0777366
40330580,2018-10-03,0.8366999,0.5841113,0.6904406
40330580,2018-10-13,0.7338151,0.44129366,0.31173405
40330580,2018-10-18,0.58501726,0.24690075,0.15407173
40330580,2018-10-23,0.63511556,0.30906084,0.23092508
40330580,2018-12-27,0.5241996,0.25186032,0.09627805
40330580,2019-01-01,0.5579976,0.2583478,0.10374576
40330580,2019-01-11,0.5079632,0.24547336,0.12359953
40330580,2019-02-15,0.52551365,0.28209597,0.115419224
40330580,2019-02-25,0.5023793,0.267521,0.124443114
40330580,2019-03-02,0.51261574,0.28225234,0.1234921
40330580,2019-03-22,0.4979707,0.26859993,0.11969067
40330580,2019-04-01,0.5047677,0.280302,0.14851087
40330580,2019-04-16,0.5584653,0.3316096,0.17930019
40330580,2019-04-21,0.66963786,0.42684656,0.2992618
40330580,2019-05-01,0.84828866,0.6686598,0.6887218
40330580,2019-06-10,0.841215,0.4747896,0.7793648
40330580,2019-06-20,0.8992806,0.8136589,1.6772147
40330580,2019-06-25,0.85922647,0.5642777,0.8118151
40330580,2019-06-30,0.9202526,0.7870479,1.9030814
40330580,2019-07-05,0.9104777,0.8119138,1.5732745
40330580,2019-07-10,0.881039,0.708706,1.0972527
40330580,2019-07-20,0.88954115,0.7448203,1.3044446
40330580,2019-07-25,0.8998949,0.7652003,1.4663092
40330580,2019-08-04,0.88920325,0.6986738,1.27698
40330580,2019-08-09,0.91118264,0.712179,1.3556317
40330580,2019-08-14,0.9219071,0.7967463,1.5928619
40330580,2019-08-19,0.8840714,0.70726365,1.1692458
40330580,2019-09-03,0.734489,0.5849653,0.5619143
40330580,2019-09-13,0.9046875,0.64392954,1.1388433
40330580,2019-10-08,0.8706409,0.5411264,0.61303735
40330580,2019-10-23,0.6159373,0.33129567,0.16377035
40330580,2019-11-22,0.60988796,0.31140298,0.12932101
40330580,2019-12-07,0.6120043,0.23375773,0.14084662
40330580,2020-01-01,0.5913343,0.23917632,0.10896531
40330580,2020-01-06,0.6130346,0.24038652,0.10901924
40330580,2020-01-11,0.61050874,0.27752504,0.13882065
40330580,2020-01-16,0.5636083,0.27400854,0.13281809
40330580,2020-02-05,0.5538461,0.28680062,0.120918766
40330580,2020-03-11,0.49859688,0.27660534,0.14194484
40330580,2020-03-16,0.51569784,0.28076765,0.13050029
40330580,2020-03-21,0.4957874,0.29302484,0.1413518
40330580,2020-04-05,0.5117876,0.28894433,0.14532246
40330580,2020-04-10,0.5311309,0.30206674,0.16443136
40330580,2020-04-15,0.58208954,0.34772223,0.2078622
40330580,2020-04-25,0.81127197,0.55715346,0.5439624
40330580,2020-05-25,0.888364,0.882803,1.7832448
40330580,2020-06-29,0.88582265,0.7822091,1.6117029
40330580,2020-07-04,0.919251,0.79146236,1.9645793
40330580,2020-07-09,0.91523623,0.77282315,1.7181871
40330580,2020-07-14,0.90774906,0.77046216,1.6978631
40330580,2020-07-19,0.89847934,0.7692166,1.613317
40330580,2020-07-29,0.89389676,0.7032318,1.5043135
40330580,2020-08-08,0.89258903,0.70538956,1.4297893
40330580,2020-08-13,0.8637374,0.6598899,1.2317566
40330580,2020-09-12,0.9054373,0.6473483,1.1168463
40330580,2020-09-17,0.87191606,0.64718485,0.9956047
40330580,2020-11-01,0.4762523,0.3355766,0.14862788
40330580,2020-11-06,0.5868625,0.25858787,0.13286217
40330580,2020-11-21,0.6028135,0.27168643,0.1335809
40330580,2020-11-26,0.5766773,0.2724734,0.109566346
40330580,2021-02-14,0.52135175,0.2999823,0.14724731
40330580,2021-02-24,0.49547422,0.24435216,0.11038199
40330580,2021-03-01,0.55877167,0.28191337,0.14731202
40330580,2021-03-16,0.5051659,0.19980215,0.09625962
40330580,2021-03-21,0.55313534,0.29737407,0.1588921
40330580,2021-03-26,0.5045747,0.26682678,0.14482456
40330580,2021-03-31,0.5144927,0.27512592,0.15535441
40330580,2021-04-05,0.5637119,0.3143342,0.09977108
40330580,2021-04-10,0.48104012,0.32116896,0.16417658
40330580,2021-04-25,0.5254438,0.31511712,0.17599654
40330580,2021-05-05,0.6210626,0.48713028,0.33009568
40330580,2021-05-10,0.76906544,0.52728474,0.46268544
40330580,2021-06-04,0.84560364,0.75797564,1.237216
40330580,2021-06-09,0.8826176,0.7682449,1.5496129
40330580,2021-06-14,0.9177872,0.8234524,1.812351
40330580,2021-06-19,0.87152296,0.7637939,1.6139388
40330580,2021-06-24,0.85749483,0.75202596,1.5494703
40330580,2021-06-29,0.8930792,0.74834186,1.7313597
40330580,2021-07-09,0.9118943,0.8275107,1.9151639
40330580,2021-07-14,0.8935159,0.8375219,1.8684891
40330580,2021-07-19,0.88366604,0.7199314,1.6878288
40330580,2021-07-24,0.79716027,0.581189,1.022952
40330580,2021-07-29,0.9013454,0.72799706,1.6435875
40330580,2021-08-03,0.8420432,0.82486534,1.5456157
40330580,2021-08-18,0.91763073,0.723485,1.510207
40330580,2021-09-02,0.91845286,0.7183206,1.3911796
40330580,2021-09-07,0.91090333,0.67460173,1.3099295
40330580,2021-09-12,0.89947486,0.67000705,1.2068844
40330580,2021-10-17,0.8610169,0.557527,0.5428443
40330580,2021-10-27,0.65902966,0.331908,0.18158743
40330580,2021-11-11,0.5224351,0.34872317,0.21551266
40330580,2021-12-31,0.475,0.26257974,0.10775673
40354012,2017-01-01,0.5306406,0.14763436,0.05435892
40354012,2017-03-12,0.40793413,0.19326925,0.07984081
40354012,2017-04-01,0.3894737,0.19888909,0.08487258
40354012,2017-04-21,0.6459574,0.3977293,0.21746679
40354012,2017-05-21,0.7561994,0.4984172,0.50829697
40354012,2017-05-31,0.7855732,0.5374164,0.70373297
40354012,2017-06-10,0.78210306,0.60180455,0.7272892
40354012,2017-06-20,0.8077597,0.59759265,0.7521009
40354012,2017-07-05,0.7734662,0.5737514,0.7030481
40354012,2017-07-15,0.7887068,0.5125676,0.56754863
40354012,2017-07-20,0.79588175,0.51832706,0.66236943
40354012,2017-07-25,0.80916685,0.51937234,0.6518108
40354012,2017-08-04,0.7498437,0.4753975,0.58265084
40354012,2017-08-09,0.55137676,0.4026615,0.41877672
40354012,2017-08-24,0.77899045,0.44646004,0.51836157
40354012,2017-09-28,0.6503292,0.3351176,0.23705669
40354012,2017-10-13,0.49500832,0.2201828,0.08876252
40354012,2017-10-18,0.49208924,0.23126787,0.09287165
40354012,2018-04-11,0.32126948,0.20299745,0.12138227
40354012,2018-04-21,0.5123547,0.27079973,0.19819006
40354012,2018-04-26,0.70680195,0.6141028,0.52330583
40354012,2018-05-31,0.8434637,0.7099306,1.2121966
40354012,2018-06-10,0.8528485,0.71215427,1.295253
40354012,2018-06-15,0.7534451,0.7178851,1.0096253
40354012,2018-06-20,0.8628972,0.63205546,1.1491578
40354012,2018-07-05,0.8589941,0.70036894,1.2007074
40354012,2018-07-10,0.8412446,0.7529992,1.2650344
40354012,2018-07-25,0.8464749,0.64037335,1.0675243
40354012,2018-07-30,0.8477691,0.60227484,0.9512182
40354012,2018-08-04,0.5625,0.68940365,0.54622406
40354012,2018-08-09,0.83657175,0.5798037,0.89280003
40354012,2018-08-14,0.80357146,0.3859198,0.5465818
40354012,2018-08-19,0.82090384,0.56380665,0.7512335
40354012,2018-08-29,0.81026524,0.55160767,0.71255916
40354012,2018-09-28,0.8207171,0.5583087,0.51751524
40354012,2018-10-03,0.7235992,0.556707,0.43020517
40354012,2018-10-13,0.5838669,0.3164689,0.15721987
40354012,2018-10-23,0.5152616,0.2539944,0.12777716
40354012,2018-12-27,0.53604335,0.21002334,0.09319728
40354012,2019-01-01,0.47415328,0.21640971,0.070459895
40354012,2019-02-25,0.40755734,0.2218712,0.09571634
40354012,2019-03-02,0.38613862,0.21649592,0.08744421
40354012,2019-04-01,0.38515007,0.2163649,0.09891054
40354012,2019-04-16,0.39450127,0.22468227,0.118990935
40354012,2019-04-21,0.43944845,0.26014125,0.14121023
40354012,2019-05-01,0.6959208,0.5092257,0.3910165
40354012,2019-05-06,0.8323818,0.59127927,0.7427674
40354012,2019-06-10,0.8087551,0.51682407,0.77930814
40354012,2019-06-20,0.85145086,0.73273456,1.2691697
40354012,2019-06-30,0.89557034,0.7419949,1.3040057
40354012,2019-07-05,0.8512833,0.66954684,1.085957
40354012,2019-07-10,0.8306485,0.7345045,1.0118102
40354012,2019-07-20,0.8322683,0.6019178,0.88789725
40354012,2019-07-25,0.82561886,0.60022694,0.85276926
40354012,2019-08-04,0.76942635,0.55406344,0.75201684
40354012,2019-08-09,0.8250323,0.5845676,0.78128344
40354012,2019-08-19,0.7963766,0.605596,0.7251106
40354012,2019-09-13,0.8051788,0.5060446,0.58979595
40354012,2019-10-08,0.67455626,0.3937975,0.28762498
40354012,2019-10-23,0.5029081,0.25201103,0.111828856
40354012,2019-11-22,0.5193247,0.25399792,0.10229128
40354012,2019-12-07,0.5173962,0.19731209,0.0792694
40354012,2020-01-01,0.4793425,0.23352957,0.088081524
40354012,2020-01-06,0.48620358,0.20527036,0.07823916
40354012,2020-01-11,0.5174856,0.23518285,0.091688246
40354012,2020-01-16,0.48706895,0.27653152,0.09701168
40354012,2020-02-05,0.46753693,0.2456058,0.090386465
40354012,2020-03-16,0.39325175,0.22338694,0.08100946
40354012,2020-03-21,0.3713424,0.2343423,0.10063756
40354012,2020-04-05,0.36220014,0.20584618,0.08415671
40354012,2020-04-10,0.39677417,0.22539859,0.103572555
40354012,2020-04-15,0.4135717,0.24502021,0.10839519
40354012,2020-04-25,0.6402089,0.42807266,0.28504956
40354012,2020-05-25,0.844062,0.8589946,1.1469646
40354012,2020-05-30,0.85362035,0.80420357,1.1986839
40354012,2020-06-29,0.85193086,0.7603107,1.3224219
40354012,2020-07-04,0.89570296,0.74077904,1.4498113
40354012,2020-07-09,0.88585025,0.69212186,1.3472497
40354012,2020-07-14,0.8830817,0.77487516,1.2332939
40354012,2020-07-19,0.8853503,0.73734456,1.301793
40354012,2020-07-29,0.86309206,0.6312823,1.1432669
40354012,2020-08-08,0.8522272,0.6221279,1.0115147
40354012,2020-08-13,0.82672673,0.6674715,1.0036535
40354012,2020-09-12,0.8309245,0.5649079,0.74048257
40354012,2020-09-17,0.78755695,0.53329223,0.69426286
40354012,2020-11-01,0.37524256,0.20354468,0.078551166
40354012,2020-11-06,0.5347544,0.22778414,0.10317395
40354012,2020-11-21,0.5811672,0.23555839,0.09388674
40354012,2020-11-26,0.56786424,0.23675779,0.09426557
40354012,2021-02-24,0.41046658,0.2415674,0.09703457
40354012,2021-03-01,0.45022476,0.23951072,0.090832844
40354012,2021-03-21,0.36629668,0.25284714,0.12144792
40354012,2021-03-26,0.43002367,0.22945894,0.11369724
40354012,2021-03-31,0.38265613,0.21302451,0.0944475
40354012,2021-04-05,0.39390835,0.27453712,0.12728475
40354012,2021-04-25,0.3859108,0.23011787,0.110113144
40354012,2021-05-10,0.5594021,0.3690184,0.23467891
40354012,2021-06-04,0.7819237,0.71350205,0.8863749
40354012,2021-06-09,0.83974487,0.75572217,1.1145785
40354012,2021-06-14,0.8883988,0.7953648,1.3797929
40354012,2021-06-19,0.8539546,0.771735,1.3893659
40354012,2021-06-24,0.84874296,0.76641405,1.3807179
40354012,2021-06-29,0.8748524,0.7659179,1.4263052
40354012,2021-07-09,0.888638,0.8378263,1.4909257
40354012,2021-07-14,0.8775436,0.8703331,1.5664463
40354012,2021-07-19,0.867671,0.7532964,1.2820345
40354012,2021-07-24,0.8101554,0.8205404,1.2127023
40354012,2021-07-29,0.8869331,0.7593164,1.3746862
40354012,2021-08-03,0.8588192,0.89005435,1.415132
40354012,2021-08-18,0.88235295,0.72064245,1.142663
40354012,2021-09-02,0.89213085,0.7306829,1.1515355
40354012,2021-09-07,0.88255537,0.72663194,1.049967
40354012,2021-09-12,0.8648458,0.67757523,0.9211316
40354012,2021-10-17,0.7712177,0.4591052,0.31682056
40354012,2021-10-27,0.5557288,0.2598207,0.11762205
40354012,2021-11-11,0.42645007,0.19986948,0.09844013
40390103,2017-01-01,0.46331665,0.279267,0.18255073
40390103,2017-02-20,0.41627842,0.24676716,0.16333707
40390103,2017-03-12,0.43369773,0.2487218,0.14723074
40390103,2017-04-01,0.39758345,0.23481837,0.149681
40390103,2017-04-21,0.47953027,0.26562828,0.18189369
40390103,2017-05-21,0.8424084,0.5692553,0.88941014
40390103,2017-05-31,0.83523315,0.5600139,1.1823608
40390103,2017-06-10,0.8555058,0.6098817,1.3445925
40390103,2017-06-20,0.84476817,0.6032917,1.2061056
40390103,2017-07-05,0.8278932,0.6419204,1.2156793
40390103,2017-07-20,0.85371304,0.5766764,1.0246009
40390103,2017-07-25,0.879632,0.6275282,1.2902397
40390103,2017-08-04,0.8150851,0.5229064,0.83703166
40390103,2017-08-09,0.81917214,0.5505325,0.9308552
40390103,2017-08-24,0.8448891,0.5817421,0.8983763
40390103,2017-08-29,0.8718092,0.5828665,0.95360523
40390103,2017-09-28,0.78576785,0.40423894,0.45671558
40390103,2017-10-13,0.5490824,0.3129046,0.18230043
40390103,2017-10-18,0.5081833,0.23686017,0.13520476
40390103,2018-01-21,0.50110567,0.20274138,0.13342692
40390103,2018-04-06,0.44507933,0.2435296,0.14140518
40390103,2018-04-11,0.37527525,0.21751815,0.12146837
40390103,2018-04-21,0.49689642,0.27677694,0.17574659
40390103,2018-04-26,0.68582594,0.48465967,0.42152685
40390103,2018-05-26,0.83213836,0.716829,1.3421772
40390103,2018-05-31,0.8327254,0.6218002,1.2289494
40390103,2018-06-10,0.85525525,0.5551657,1.1776524
40390103,2018-06-15,0.8743061,0.6851485,1.6180303
40390103,2018-06-20,0.86731553,0.616578,1.2965751
40390103,2018-07-05,0.8697085,0.6365492,1.3121395
40390103,2018-07-10,0.8471116,0.6564526,1.2387286
40390103,2018-07-20,0.6316136,0.5098352,0.66178775
40390103,2018-07-25,0.8642895,0.5967078,1.1454483
40390103,2018-07-30,0.864494,0.5804,1.0788777
40390103,2018-08-04,0.85900104,0.610961,1.1036758
40390103,2018-08-09,0.83878785,0.5331279,0.95286953
40390103,2018-08-19,0.85324705,0.5762512,0.9031126
40390103,2018-08-29,0.85301834,0.5656984,0.78527266
40390103,2018-09-18,0.85101974,0.5514058,0.801418
40390103,2018-09-28,0.8366254,0.50112295,0.64003587
40390103,2018-10-03,0.7949723,0.4831157,0.5084392
40390103,2018-10-13,0.59645414,0.26212293,0.16768233
40390103,2018-10-18,0.47116968,0.23625627,0.10518856
40390103,2018-10-23,0.56733406,0.26578134,0.15520841
40390103,2018-12-27,0.4507042,0.20947738,0.109322265
40390103,2019-01-01,0.49345332,0.22687937,0.12739068
40390103,2019-01-06,0.4458004,0.21818565,0.112711675
40390103,2019-02-15,0.42952573,0.22839485,0.11536979
40390103,2019-02-20,0.37869543,0.2792967,0.1590264
40390103,2019-02-25,0.44552317,0.2254203,0.11069162
40390103,2019-03-02,0.40299502,0.21714184,0.119237944
40390103,2019-03-22,0.42019543,0.22419186,0.12701216
40390103,2019-04-01,0.40406612,0.22681075,0.12984067
40390103,2019-04-16,0.46305868,0.27552646,0.14991939
40390103,2019-04-21,0.43532264,0.2537345,0.16257447
40390103,2019-05-01,0.5652174,0.3378328,0.27624193
40390103,2019-06-10,0.76335144,0.45651013,0.72981775
40390103,2019-06-20,0.8106721,0.60638624,1.1095971
40390103,2019-06-30,0.8401207,0.61117005,1.2407526
40390103,2019-07-05,0.7841163,0.5351758,0.857344
40390103,2019-07-20,0.7545536,0.48863018,0.58158565
40390103,2019-07-25,0.7467072,0.45378044,0.52574927
40390103,2019-07-30,0.72539914,0.49612868,0.6333651
40390103,2019-08-04,0.7245164,0.49661532,0.5044788
40390103,2019-08-09,0.7326861,0.43330142,0.59568065
40390103,2019-08-14,0.6940063,0.5360841,0.5221038
40390103,2019-08-19,0.6928548,0.42841145,0.5008452
40390103,2019-09-03,0.7315936,0.48055342,0.48695514
40390103,2019-09-13,0.7594142,0.42914563,0.3976685
40390103,2019-10-08,0.64494735,0.31990248,0.24266274
40390103,2019-10-23,0.49002033,0.23300405,0.12357856
40390103,2019-11-22,0.4858985,0.2337753,0.12575996
40390103,2019-12-07,0.43814647,0.20202982,0.12693238
40390103,2020-01-01,0.45138103,0.22327444,0.102564186
40390103,2020-01-06,0.4388267,0.21038413,0.1265548
40390103,2020-01-11,0.46666667,0.22870779,0.13001312
40390103,2020-01-16,0.42254022,0.22091284,0.120403
40390103,2020-02-05,0.46393973,0.2324787,0.12635268
40390103,2020-03-11,0.40848988,0.2112803,0.10844031
40390103,2020-03-16,0.42330432,0.22055092,0.11123884
40390103,2020-03-21,0.3733509,0.21761698,0.10145922
40390103,2020-04-05,0.3631248,0.19424869,0.10776186
40390103,2020-04-10,0.4181699,0.23478067,0.12176478
40390103,2020-04-15,0.41945475,0.24169075,0.14170872
40390103,2020-04-25,0.49647352,0.29857633,0.20366774
40390103,2020-05-25,0.7798742,0.58589596,0.9790904
40390103,2020-05-30,0.8101908,0.64254797,0.9639704
40390103,2020-06-29,0.7978836,0.601996,0.9848155
40390103,2020-07-04,0.8228639,0.41101503,0.8728672
40390103,2020-07-09,0.85483,0.6140249,1.0045196
40390103,2020-07-14,0.8091118,0.6044186,0.9854757
40390103,2020-07-19,0.8466684,0.64405656,1.0201268
40390103,2020-07-29,0.83769935,0.57835966,0.9112681
40390103,2020-08-08,0.81399465,0.545746,0.7597564
40390103,2020-08-13,0.7794161,0.5382453,0.7465367
40390103,2020-09-12,0.76929075,0.40422657,0.60712403
40390103,2020-11-01,0.44438642,0.3052915,0.16880001
40390103,2020-11-06,0.5253773,0.22268306,0.11477005
40390103,2020-11-21,0.53408104,0.23348796,0.12865025
40390103,2020-11-26,0.49329877,0.2154375,0.10937394
40390103,2021-02-24,0.42439023,0.21132286,0.10389814
40390103,2021-03-01,0.48551238,0.25013655,0.13470145
40390103,2021-03-21,0.39125565,0.25609043,0.12509549
40390103,2021-03-26,0.4266396,0.22615673,0.12561609
40390103,2021-03-31,0.42298776,0.23190352,0.13526939
40390103,2021-04-10,0.3556196,0.22510032,0.12684453
40390103,2021-04-25,0.39028668,0.23345348,0.13962196
40390103,2021-05-10,0.4340159,0.27078822,0.1692843
40390103,2021-06-04,0.67060363,0.59214336,0.70318127
40390103,2021-06-09,0.76760393,0.6128924,0.96046007
40390103,2021-06-14,0.8042654,0.6184403,1.0759861
40390103,2021-06-19,0.76978076,0.60155696,1.0173198
40390103,2021-06-24,0.77287537,0.5967174,0.9813346
40390103,2021-06-29,0.76720387,0.54930764,1.0273044
40390103,2021-07-09,0.78859466,0.6177108,1.018532
40390103,2021-07-14,0.7981528,0.6768426,1.1545948
40390103,2021-07-19,0.794636,0.5792218,1.0876132
40390103,2021-07-29,0.81169367,0.5751576,1.0076449
40390103,2021-08-18,0.77502066,0.5305976,0.8103913
40390103,2021-09-02,0.7593033,0.53380585,0.7293309
40390103,2021-09-07,0.6951788,0.48331285,0.60605013
40390103,2021-09-12,0.6970036,0.47136578,0.5534353
40390103,2021-10-17,0.6064088,0.35942093,0.24101347
40390103,2021-10-27,0.5319471,0.25844964,0.11190766
40390103,2021-11-11,0.44287062,0.30868462,0.19762366
40390103,2021-12-31,0.45353502,0.25447804,0.1352435
40394427,2017-03-12,0.5399285,0.18387724,0.0965313
40394427,2017-04-01,0.49691993,0.19301325,0.10201771
40394427,2017-04-11,0.32911792,0.3600581,0.19748992
40394427,2017-04-21,0.78258455,0.5077914,0.46385407
40394427,2017-05-21,0.930428,0.7744234,1.6113919
40394427,2017-05-31,0.9109297,0.74045974,1.7898352
40394427,2017-06-10,0.8958759,0.8346648,1.6395012
40394427,2017-06-20,0.8895807,0.7693136,1.6459614
40394427,2017-07-05,0.8844714,0.7186835,1.2849654
40394427,2017-07-15,0.89752245,0.64865303,0.86245596
40394427,2017-07-20,0.8769231,0.7502633,1.3483895
40394427,2017-07-25,0.92058307,0.66787,1.2756481
40394427,2017-08-04,0.8556352,0.7218404,1.2634536
40394427,2017-08-09,0.83103526,0.66235214,1.1832644
40394427,2017-08-24,0.88671756,0.6034615,0.91553104
40394427,2017-08-29,0.1138627,0.29085487,0.11897684
40394427,2017-09-28,0.83411765,0.5149809,0.6547787
40394427,2017-10-13,0.62647444,0.19709715,0.08963935
40394427,2017-10-18,0.5845983,0.28381923,0.14824769
40394427,2018-01-21,0.7641256,0.315731,0.20768066
40394427,2018-04-06,0.5118211,0.28031495,0.16633967
40394427,2018-04-21,0.7909937,0.60260284,0.5494584
40394427,2018-04-26,0.786036,0.8971064,1.0920708
40394427,2018-05-21,0.8403554,0.97292274,2.0051396
40394427,2018-05-31,0.8642634,0.79985714,1.7228111
40394427,2018-06-10,0.8860452,0.8060569,1.8109115
40394427,2018-06-15,0.7517191,0.73090047,1.0772625
40394427,2018-06-20,0.9041871,0.8105092,1.871279
40394427,2018-06-30,0.86015356,0.91178304,1.8731927
40394427,2018-07-05,0.8945634,0.8146086,1.8627819
40394427,2018-07-10,0.87082124,0.7652691,1.5760269
40394427,2018-07-25,0.88431716,0.7635933,1.5703369
40394427,2018-07-30,0.8964176,0.7766939,1.5148735
40394427,2018-08-09,0.86676997,0.78725195,1.4814296
40394427,2018-08-14,0.9154711,0.77789855,1.6968228
40394427,2018-08-29,0.85688734,0.77335674,1.2279488
40394427,2018-09-18,0.8786269,0.7551875,1.1116263
40394427,2018-09-28,0.9161082,0.7331267,1.1725036
40394427,2018-10-03,0.82055855,0.7756103,0.9037964
40394427,2018-10-13,0.6478632,0.43757215,0.34037015
40394427,2018-10-18,0.43280265,0.47901982,0.36099336
40394427,2018-10-23,0.63295674,0.38724795,0.25654325
40394427,2018-11-17,0.515591,0.39435732,0.323982
40394427,2019-01-01,0.44773614,0.16408555,0.09013014
40394427,2019-01-06,0.66753924,0.29294628,0.2194835
40394427,2019-02-15,0.54153734,0.3157535,0.16859354
40394427,2019-02-20,0.42764577,0.28404403,0.17240173
40394427,2019-02-25,0.53593075,0.24730322,0.14615193
40394427,2019-03-02,0.5079646,0.27312523,0.1483
40394427,2019-03-22,0.532579,0.26447338,0.16201584
40394427,2019-04-01,0.5087108,0.27604464,0.15983124
40394427,2019-04-16,0.5250643,0.324993,0.18316695
40394427,2019-04-21,0.69569147,0.4305747,0.33808324
40394427,2019-05-01,0.85792994,0.78279287,0.93661135
40394427,2019-06-10,0.760274,0.8179234,1.2508774
40394427,2019-06-20,0.8704047,0.8263123,1.5833232
40394427,2019-06-25,0.8770251,0.81687933,1.6503005
40394427,2019-06-30,0.9097801,0.8124026,1.7385237
40394427,2019-07-05,0.8762969,0.8047199,1.6078644
40394427,2019-07-20,0.8694422,0.781727,1.3293048
40394427,2019-07-25,0.86042726,0.79717255,1.3220009
40394427,2019-07-30,0.8624031,0.810122,1.4362812
40394427,2019-08-04,0.8579592,0.7726521,1.2904856
40394427,2019-08-09,0.8876404,0.69818187,1.2821829
40394427,2019-08-19,0.8496013,0.7489932,1.1745973
40394427,2019-09-03,0.8426171,0.43919075,0.5322843
40394427,2019-09-13,0.85071427,0.49042618,0.7403536
40394427,2019-10-08,0.85079825,0.5452009,0.68850356
40394427,2019-10-23,0.53355515,0.32459423,0.19449857
40394427,2019-12-07,0.63022107,0.22783796,0.14350809
40394427,2020-01-01,0.42127267,0.20683207,0.09586683
40394427,2020-01-06,0.5546318,0.18779154,0.12139349
40394427,2020-01-11,0.6061069,0.26078388,0.15762666
40394427,2020-01-16,0.48248273,0.2954891,0.17199054
40394427,2020-02-05,0.55241644,0.2809074,0.18853043
40394427,2020-03-11,0.5199674,0.26251903,0.16528866
40394427,2020-03-16,0.53630865,0.2626607,0.1523666
40394427,2020-04-05,0.5347998,0.27340436,0.15029503
40394427,2020-04-10,0.53212285,0.2952001,0.16166225
40394427,2020-04-15,0.63652915,0.37799075,0.26754186
40394427,2020-04-25,0.8418333,0.6547952,0.7880686
40394427,2020-05-30,0.8711003,0.8544675,1.633994
40394427,2020-06-29,0.85647756,0.7666364,1.4606345
40394427,2020-07-04,0.8917526,0.6225261,1.2753543
40394427,2020-07-09,0.87866837,0.71830136,1.4863642
40394427,2020-07-14,0.88113576,0.7243675,1.4057491
40394427,2020-07-19,0.87849236,0.8499328,1.6236889
40394427,2020-07-29,0.86146045,0.7283817,1.2788302
40394427,2020-08-08,0.8490197,0.6825616,1.1019135
40394427,2020-08-13,0.7957203,0.7013144,1.0921768
40394427,2020-08-28,0.8165177,0.7511125,1.1416242
40394427,2020-09-12,0.83689624,0.60798377,0.95283765
40394427,2020-09-17,0.7485058,0.67286634,0.75250375
40394427,2020-11-01,0.35227275,0.14322014,0.052132796
40394427,2020-11-06,0.6185944,0.33197144,0.16751668
40394427,2020-11-21,0.6189655,0.28118268,0.16164497
40394427,2020-11-26,0.5704901,0.2413115,0.122548155
40394427,2021-02-14,0.57325536,0.31801045,0.16974145
40394427,2021-02-24,0.4387078,0.28510907,0.16820015
40394427,2021-03-01,0.58448756,0.2782697,0.16524622
40394427,2021-03-26,0.55900854,0.29418638,0.16466404
40394427,2021-03-31,0.5150245,0.2774954,0.16445199
40394427,2021-04-05,0.51808786,0.32026199,0.16739866
40394427,2021-04-25,0.4980832,0.32211927,0.18938589
40394427,2021-05-05,0.73259765,0.7211498,0.5563927
40394427,2021-05-10,0.8245114,0.72207963,0.76673985
40394427,2021-05-20,0.8278183,0.9806123,1.2437484
40394427,2021-06-04,0.801469,0.7581893,1.05015
40394427,2021-06-09,0.8766176,0.8793612,1.663012
40394427,2021-06-14,0.9139036,0.8671093,1.8410505
40394427,2021-06-19,0.8563148,0.8393306,1.6139027
40394427,2021-06-24,0.84818006,0.8174094,1.5892954
40394427,2021-06-29,0.87070554,0.800258,1.6543801
40394427,2021-07-14,0.8784491,0.8732521,1.7194401
40394427,2021-07-19,0.8717647,0.7953489,1.5173372
40394427,2021-07-29,0.8894852,0.8065389,1.5427759
40394427,2021-08-18,0.88891226,0.7575487,1.3830508
40394427,2021-09-02,0.9006568,0.7871134,1.3989193
40394427,2021-09-07,0.8731401,0.7741443,1.3443526
40394427,2021-09-12,0.8737471,0.75918174,1.2254428
40394427,2021-10-27,0.6032226,0.30995587,0.23128907
40394427,2021-11-11,0.5302374,0.441409,0.249564
40399212,2017-01-01,0.9333333,0.0069808024,0.0019000001
40399212,2017-03-12,0.37341347,0.1215006,0.048162464
40399212,2017-04-01,0.40577254,0.14372195,0.07096471
40399212,2017-04-11,0.4839368,0.20714194,0.1305147
40399212,2017-04-21,0.61312217,0.37642807,0.25618106
40399212,2017-05-21,0.8562439,0.6248896,0.9122916
40399212,2017-05-31,0.86247283,0.6652166,1.293078
40399212,2017-06-10,0.82658017,0.7763443,1.342125
40399212,2017-06-20,0.85834503,0.6819955,1.3166683
40399212,2017-07-05,0.8448577,0.5744992,0.9882301
40399212,2017-07-20,0.8606019,0.6860163,1.145154
40399212,2017-07-25,0.9088503,0.57912093,1.0093886
40399212,2017-08-04,0.8320987,0.6393474,1.0198846
40399212,2017-08-09,0.81581444,0.6280757,1.129501
40399212,2017-08-24,0.8605129,0.508999,0.7063173
40399212,2017-09-28,0.8385277,0.5214486,0.48596787
40399212,2017-10-13,0.62011176,0.16278386,0.05985445
40399212,2017-10-18,0.58766377,0.28011602,0.13246343
40399212,2018-04-21,0.5928074,0.38297236,0.22714019
40399212,2018-04-26,0.66343915,0.6329675,0.62564975
40399212,2018-05-26,0.83378017,0.6550879,1.0336003
40399212,2018-05-31,0.84999,0.7550642,1.4689367
40399212,2018-06-10,0.8854396,0.77490705,1.6527809
40399212,2018-06-15,0.89358366,0.7736079,1.7287757
40399212,2018-06-20,0.88981634,0.7448295,1.5592127
40399212,2018-07-05,0.87894636,0.7712804,1.5827701
40399212,2018-07-10,0.86206895,0.84280574,1.5977514
40399212,2018-07-20,0.8601298,0.83379924,1.4984367
40399212,2018-07-25,0.8698708,0.68439645,1.3477994
40399212,2018-07-30,0.8761884,0.70866555,1.3240316
40399212,2018-08-04,0.84499997,0.7267514,1.3560013
40399212,2018-08-09,0.8748623,0.73095757,1.2453289
40399212,2018-08-14,0.8409638,0.54864633,1.0469607
40399212,2018-08-19,0.8401937,0.70098436,1.1320674
40399212,2018-08-29,0.83162034,0.7000847,1.0091172
40399212,2018-09-08,0.57806164,0.67044264,0.7109365
40399212,2018-09-28,0.8788377,0.6616858,0.79728067
40399212,2018-10-03,0.79533386,0.7133386,0.68345475
40399212,2018-10-13,0.6257718,0.39348412,0.22091042
40399212,2018-10-18,0.4266843,0.35148174,0.1648063
40399212,2018-10-23,0.58532935,0.29044718,0.16684051
40399212,2019-04-01,0.42515358,0.2361201,0.12577985
40399212,2019-04-16,0.45048305,0.27635768,0.1362107
40399212,2019-04-21,0.47228113,0.27669317,0.16845609
40399212,2019-05-01,0.6575682,0.47474024,0.4349601
40399212,2019-06-20,0.8557693,0.77689683,1.4318469
40399212,2019-06-25,0.8762725,0.8247347,1.6015302
40399212,2019-06-30,0.8971944,0.7764702,1.5275447
40399212,2019-07-05,0.8534194,0.7197611,1.2680366
40399212,2019-07-10,0.80859697,0.7453091,1.0834746
40399212,2019-07-20,0.81963736,0.6615607,0.98938847
40399212,2019-07-25,0.81259465,0.7155925,1.0159893
40399212,2019-08-04,0.77325064,0.68478644,0.84295213
40399212,2019-08-09,0.8571005,0.5619921,0.87220067
40399212,2019-08-19,0.7939629,0.58421975,0.8244352
40399212,2019-09-03,0.84248424,0.7138771,0.8287629
40399212,2019-09-13,0.84937006,0.6148145,0.7388393
40399212,2019-10-08,0.74629223,0.42295587,0.36013818
40399212,2019-10-23,0.49400067,0.28569728,0.1393375
40399212,2020-01-16,0.3591954,0.16173552,0.08390169
40399212,2020-03-16,0.46407303,0.22137636,0.11327117
40399212,2020-04-05,0.4141991,0.21317616,0.109319225
40399212,2020-04-10,0.4402496,0.2622189,0.11385905
40399212,2020-04-15,0.4657702,0.26945794,0.14272764
40399212,2020-04-25,0.6422604,0.44516346,0.3679236
40399212,2020-05-25,0.82728964,0.898253,1.3521231
40399212,2020-05-30,0.85494006,0.84255743,1.2824192
40399212,2020-06-29,0.85878557,0.8082707,1.3706844
40399212,2020-07-04,0.89701635,0.67531335,1.48327
40399212,2020-07-09,0.89189196,0.72914755,1.4055543
40399212,2020-07-14,0.8855823,0.6418505,1.3504896
40399212,2020-07-19,0.88041234,0.80172735,1.3859339
40399212,2020-07-29,0.87006146,0.7360642,1.2517459
40399212,2020-08-08,0.8672714,0.7043974,1.0849472
40399212,2020-08-13,0.80289036,0.69412583,1.0905997
40399212,2020-09-12,0.85166955,0.50217617,0.8368277
40399212,2020-11-06,0.6286027,0.34553987,0.15074739
40399212,2021-02-24,0.35984293,0.27271375,0.13059454
40399212,2021-03-01,0.5023354,0.23927994,0.1223
40399212,2021-03-31,0.41333333,0.21515663,0.13368952
40399212,2021-04-05,0.40932328,0.25199035,0.13621168
40399212,2021-04-25,0.41594955,0.2589101,0.15203789
40399212,2021-05-05,0.47166443,0.40214583,0.25128958
40399212,2021-05-10,0.5881602,0.4084996,0.31654435
40399212,2021-06-04,0.7852975,0.68338746,0.8815099
40399212,2021-06-09,0.8395898,0.75294334,1.434383
40399212,2021-06-14,0.8898288,0.7793921,1.6085715
40399212,2021-06-19,0.8395865,0.77757686,1.5071515
40399212,2021-06-24,0.83894366,0.8106311,1.4597974
40399212,2021-06-29,0.85991764,0.7689744,1.5854342
40399212,2021-07-09,0.88295907,0.86038095,1.8402112
40399212,2021-07-14,0.8088789,0.8035281,1.3486089
40399212,2021-07-19,0.81137455,0.8121565,1.3663439
40399212,2021-07-29,0.87343955,0.7328349,1.5140707
40399212,2021-08-18,0.87139916,0.64777637,1.3911256
40399212,2021-09-02,0.901625,0.744704,1.3054982
40399212,2021-09-07,0.87800044,0.73528326,1.2798754
40399212,2021-09-12,0.87991214,0.7112137,1.1293548
40399212,2021-10-27,0.5564103,0.34876245,0.17140505
40399212,2021-11-11,0.44753945,0.3536836,0.21598919
40400255,2017-03-12,0.4927923,0.18111534,0.10015662
40400255,2017-04-01,0.48595393,0.22190315,0.10832463
40400255,2017-04-11,0.26285928,0.19227578,0.19473393
40400255,2017-04-21,0.7504142,0.47870657,0.36470297
40400255,2017-05-21,0.9283489,0.7872664,1.3631611
40400255,2017-05-31,0.9073569,0.7536128,1.5313942
40400255,2017-06-10,0.92784387,0.7756174,1.673543
40400255,2017-06-20,0.89790684,0.76578385,1.4248714
40400255,2017-07-05,0.88345426,0.71170014,1.1859334
40400255,2017-07-15,0.8843644,0.7343546,1.2952513
40400255,2017-07-20,0.88320804,0.6574627,1.2501342
40400255,2017-07-25,0.91972715,0.6458149,1.2648456
40400255,2017-07-30,0.78730536,0.8498753,1.3573575
40400255,2017-08-04,0.8625412,0.649021,1.1258347
40400255,2017-08-09,0.85859036,0.69458306,1.1590513
40400255,2017-08-24,0.87755114,0.51602805,0.88991785
40400255,2017-09-28,0.8659679,0.560374,0.6915089
40400255,2017-10-08,0.36117703,0.24705385,0.3022978
40400255,2017-10-13,0.5937663,0.21850507,0.110861205
40400255,2017-10-18,0.5582771,0.25743887,0.14746422
40400255,2018-01-21,0.61067855,0.23056573,0.1582021
40400255,2018-04-21,0.6560415,0.35089806,0.30377683
40400255,2018-04-26,0.782373,0.754443,0.78499925
40400255,2018-05-26,0.6786886,0.5176991,0.7349198
40400255,2018-05-31,0.8605004,0.77166265,1.4818639
40400255,2018-06-10,0.8900463,0.7933833,1.6606814
40400255,2018-06-15,0.9072145,0.7891095,1.8220097
40400255,2018-06-20,0.9047619,0.7471082,1.6334231
40400255,2018-07-05,0.89020276,0.7341878,1.6488357
40400255,2018-07-10,0.8790766,0.83731806,1.647031
40400255,2018-07-20,0.8596708,0.75743294,1.4590707
40400255,2018-07-25,0.8832988,0.6890434,1.3980976
40400255,2018-07-30,0.89381385,0.68071365,1.3982466
40400255,2018-08-04,0.8501467,0.68225455,1.2252148
40400255,2018-08-09,0.8872917,0.7172365,1.2994324
40400255,2018-08-14,0.5901142,0.5379841,0.47705
40400255,2018-08-19,0.86585075,0.65475756,1.1818154
40400255,2018-08-29,0.8429348,0.61780524,1.0237273
40400255,2018-09-08,0.8698507,0.57396096,1.1233693
40400255,2018-09-18,0.86157376,0.61642146,0.9412072
40400255,2018-09-28,0.9021118,0.7060082,0.9729382
40400255,2018-10-03,0.832431,0.65382904,0.7947111
40400255,2018-10-13,0.62296987,0.36579135,0.20818922
40400255,2018-10-18,0.5048544,0.36518282,0.16788329
40400255,2018-10-23,0.59076375,0.29985574,0.20945612
40400255,2018-12-27,0.6637807,0.21289396,0.17239769
40400255,2019-01-01,0.53173876,0.23473987,0.13925138
40400255,2019-01-06,0.57903427,0.2591813,0.19101411
40400255,2019-02-25,0.3223938,0.15141211,0.07304014
40400255,2019-03-02,0.49730143,0.2520713,0.14308812
40400255,2019-04-01,0.46254066,0.26286557,0.14275022
40400255,2019-04-16,0.47818014,0.288171,0.15462098
40400255,2019-04-21,0.618845,0.36864018,0.23450015
40400255,2019-05-01,0.8288248,0.67387784,0.6357914
40400255,2019-06-20,0.879504,0.8158424,1.5002537
40400255,2019-06-25,0.89659715,0.8561017,1.6679393
40400255,2019-06-30,0.9137586,0.79868174,1.7228572
40400255,2019-07-05,0.886552,0.7749592,1.4253334
40400255,2019-07-10,0.86511266,0.8327203,1.3365971
40400255,2019-07-20,0.8477893,0.6615013,1.1252041
40400255,2019-07-25,0.8516854,0.72494256,1.1568058
40400255,2019-08-04,0.7900423,0.67710644,0.93632704
40400255,2019-08-09,0.8831543,0.6232436,0.9941464
40400255,2019-08-14,0.8710402,0.73255986,1.3438724
40400255,2019-08-19,0.84654737,0.6967888,0.96891457
40400255,2019-09-03,0.8654467,0.6421212,0.9993253
40400255,2019-09-13,0.8829932,0.61856645,0.8981642
40400255,2019-10-08,0.8434887,0.51120526,0.50624114
40400255,2019-10-23,0.52047783,0.24084017,0.16266887
40400255,2019-12-07,0.6228922,0.26622698,0.18363567
40400255,2020-01-01,0.47056296,0.24296618,0.13636996
40400255,2020-01-06,0.5820029,0.24602231,0.13163881
40400255,2020-01-11,0.56398106,0.21814404,0.14617552
40400255,2020-01-16,0.52322924,0.27346548,0.15119463
40400255,2020-03-16,0.5089864,0.2567171,0.14285551
40400255,2020-03-21,0.4472484,0.290677,0.14517635
40400255,2020-04-05,0.5018463,0.26378012,0.14402927
40400255,2020-04-10,0.46394464,0.25892165,0.14698897
40400255,2020-04-15,0.5573381,0.31989637,0.1980413
40400255,2020-04-25,0.817556,0.58151734,0.5421975
40400255,2020-05-25,0.87708145,0.9854747,1.6561902
40400255,2020-05-30,0.88051367,0.8661346,1.4230102
40400255,2020-06-29,0.8704522,0.7674763,1.4083683
40400255,2020-07-04,0.90525854,0.73077464,1.5689764
40400255,2020-07-09,0.90307593,0.7409762,1.4372594
40400255,2020-07-14,0.890763,0.7771548,1.3095746
40400255,2020-07-19,0.89840156,0.77667135,1.4212717
40400255,2020-07-29,0.88048774,0.6942308,1.3138696
40400255,2020-08-08,0.8726715,0.6970656,1.15128
40400255,2020-08-13,0.82931685,0.7121431,1.0736611
40400255,2020-09-12,0.8507828,0.64381176,0.8428812
40400255,2020-11-01,0.39275217,0.17811137,0.07531875
40400255,2020-11-06,0.6501749,0.27249497,0.17421784
40400255,2020-11-21,0.6485623,0.31101578,0.11924706
40400255,2020-11-26,0.5900104,0.2421111,0.14408611
40400255,2021-02-24,0.44021928,0.25691777,0.15225826
40400255,2021-03-01,0.57036453,0.27435228,0.16823992
40400255,2021-03-26,0.49073765,0.2690376,0.15131594
40400255,2021-03-31,0.48378727,0.26635247,0.1556711
40400255,2021-04-05,0.4970692,0.31246546,0.16493498
40400255,2021-04-25,0.48045468,0.29978552,0.1664678
40400255,2021-05-05,0.62207437,0.50493944,0.28996047
40400255,2021-05-10,0.77524006,0.55508065,0.49598345
40400255,2021-06-04,0.8292189,0.77323675,1.090297
40400255,2021-06-09,0.8869209,0.8978072,1.5814546
40400255,2021-06-14,0.9159095,0.88057965,1.752761
40400255,2021-06-19,0.8662689,0.85424525,1.53265
40400255,2021-06-24,0.8647541,0.8243359,1.4957787
40400255,2021-06-29,0.8869232,0.8364006,1.5944428
40400255,2021-07-09,0.89738655,0.93317556,2.0465736
40400255,2021-07-29,0.897497,0.7991368,1.5371623
40400255,2021-08-18,0.90714425,0.804037,1.4170299
40400255,2021-09-02,0.9136336,0.7916682,1.4110016
40400255,2021-09-07,0.9052478,0.8534323,1.371598
40400255,2021-09-12,0.88828224,0.77532166,1.1654048
40400255,2021-10-27,0.5974166,0.35517722,0.15641305
40400255,2021-11-11,0.53531975,0.3458195,0.21884798
40402768,2017-03-12,0.56876796,0.16581741,0.10027756
40402768,2017-04-01,0.4953618,0.16522957,0.11509374
40402768,2017-04-11,0.581981,0.40360138,0.26331386
40402768,2017-04-21,0.7849604,0.4533506,0.34344047
40402768,2017-05-21,0.9131665,0.6594867,1.1222217
40402768,2017-05-31,0.89912367,0.691304,1.2678736
40402768,2017-06-10,0.8729582,0.76611334,1.2356801
40402768,2017-06-20,0.8817131,0.7147055,1.2622795
40402768,2017-07-05,0.8732964,0.66707796,1.0452043
40402768,2017-07-15,0.86914974,0.6801013,1.1442254
40402768,2017-07-20,0.8616841,0.64830035,1.1356912
40402768,2017-07-25,0.9083471,0.606182,1.0961735
40402768,2017-08-04,0.84494084,0.6243931,1.0109333
40402768,2017-08-09,0.84417546,0.6344033,0.98040956
40402768,2017-08-24,0.8703704,0.49311972,0.8152945
40402768,2017-09-28,0.834193,0.4397312,0.56988275
40402768,2017-10-13,0.67309463,0.15822649,0.12515555
40402768,2017-10-18,0.64599776,0.25078782,0.17785278
40402768,2018-01-21,0.76894635,0.17778538,0.20864941
40402768,2018-04-06,0.45186335,0.22898062,0.15822035
40402768,2018-04-21,0.6646217,0.38701227,0.32406536
40402768,2018-04-26,0.7669593,0.738549,0.7280711
40402768,2018-05-26,0.68852115,0.63252896,0.7852998
40402768,2018-05-31,0.8476578,0.7327464,1.3207699
40402768,2018-06-10,0.8902866,0.7637193,1.516405
40402768,2018-06-15,0.910151,0.7965002,1.689867
40402768,2018-06-20,0.8930315,0.7093998,1.5045075
40402768,2018-07-05,0.89098865,0.78074884,1.4958599
40402768,2018-07-10,0.86463624,0.80917025,1.4738266
40402768,2018-07-20,0.8591608,0.75617963,1.414321
40402768,2018-07-25,0.8844028,0.73166436,1.3363429
40402768,2018-07-30,0.8858829,0.66698754,1.2350507
40402768,2018-08-04,0.41176474,0.26741862,0.40113327
40402768,2018-08-09,0.87627333,0.6549675,1.2032968
40402768,2018-08-14,0.675558,0.4605165,0.5549298
40402768,2018-08-19,0.8517956,0.64451927,1.101555
40402768,2018-08-29,0.8429817,0.6195601,0.9920408
40402768,2018-09-08,0.86273974,0.5935087,1.0989779
40402768,2018-09-18,0.8461072,0.5823117,0.93055534
40402768,2018-09-28,0.8878737,0.47721085,0.7692454
40402768,2018-10-03,0.7848292,0.5465528,0.64672846
40402768,2018-10-13,0.5683217,0.26336807,0.2059218
40402768,2018-10-18,0.42808104,0.27025267,0.20268826
40402768,2018-10-23,0.64493394,0.28099808,0.21159545
40402768,2018-12-27,0.970297,0.22116901,0.24596873
40402768,2019-01-01,0.56210524,0.22704078,0.17361455
40402768,2019-01-06,0.61599994,0.22733022,0.23547639
40402768,2019-02-15,0.47259566,0.21931088,0.17829089
40402768,2019-02-20,0.38230383,0.15536661,0.09267312
40402768,2019-02-25,0.43653768,0.23641038,0.098079994
40402768,2019-03-02,0.5525606,0.22066735,0.17175715
40402768,2019-04-01,0.5201814,0.23456033,0.1643222
40402768,2019-04-16,0.5166332,0.26489928,0.17312862
40402768,2019-04-21,0.6508539,0.3364064,0.23419698
40402768,2019-05-01,0.8151498,0.5644719,0.60363823
40402768,2019-05-06,0.9888424,0.30916148,0.41432163
40402768,2019-06-20,0.8695132,0.7909543,1.3386854
40402768,2019-06-25,0.8900923,0.8196661,1.5119437
40402768,2019-06-30,0.89945924,0.77952516,1.4618514
40402768,2019-07-05,0.8718861,0.73914844,1.2933465
40402768,2019-07-10,0.85743976,0.77413785,1.2434342
40402768,2019-07-20,0.8537503,0.69054055,1.136803
40402768,2019-07-25,0.85231197,0.7197249,1.1250486
40402768,2019-07-30,0.83495754,0.75892353,1.1273938
40402768,2019-08-04,0.77533865,0.65292645,0.9079878
40402768,2019-08-09,0.89335614,0.60345155,0.9312923
40402768,2019-08-14,0.84860563,0.45786762,0.7406177
40402768,2019-08-19,0.83299285,0.6416966,0.9535588
40402768,2019-09-03,0.85553056,0.6130702,0.9315596
40402768,2019-09-13,0.878673,0.5539841,0.8210562
40402768,2019-10-08,0.82400763,0.3460256,0.45668444
40402768,2019-10-23,0.64570856,0.2793248,0.21691012
40402768,2019-12-07,0.5364584,0.13985698,0.1916478
40402768,2020-01-01,0.44191617,0.18486972,0.15788889
40402768,2020-01-06,0.653913,0.18604651,0.18495342
40402768,2020-01-11,0.6184669,0.17009248,0.19400315
40402768,2020-01-16,0.50256646,0.24871829,0.17151928
40402768,2020-03-16,0.5695565,0.23072524,0.17040431
40402768,2020-04-05,0.5355304,0.20896961,0.15922377
40402768,2020-04-10,0.50708926,0.24729522,0.15917905
40402768,2020-04-15,0.5728452,0.28060082,0.20085792
40402768,2020-04-25,0.8216561,0.5197231,0.55818397
40402768,2020-05-25,0.8600383,0.8289716,1.5264566
40402768,2020-05-30,0.88001573,0.83757675,1.3155082
40402768,2020-06-29,0.8618075,0.7739604,1.3257145
40402768,2020-07-04,0.9182796,0.73786074,1.4826802
40402768,2020-07-09,0.89667565,0.7274318,1.3372886
40402768,2020-07-14,0.88683885,0.68211925,1.2607659
40402768,2020-07-19,0.8816643,0.7924904,1.3951719
40402768,2020-07-29,0.87590694,0.6770713,1.1252393
40402768,2020-08-08,0.8742393,0.6727017,1.109236
40402768,2020-08-13,0.83126897,0.68752897,1.0296875
40402768,2020-09-12,0.85728574,0.5213318,0.9230268
40402768,2020-11-06,0.651865,0.22944193,0.1898921
40402768,2020-11-21,0.6285047,0.21290909,0.2009708
40402768,2020-11-26,0.7705661,0.23793988,0.20883606
40402768,2021-02-24,0.4686947,0.25905216,0.15713328
40402768,2021-03-01,0.5767098,0.24438961,0.16689108
40402768,2021-03-26,0.5702127,0.27197075,0.18610552
40402768,2021-03-31,0.52293575,0.23615988,0.18174107
40402768,2021-04-05,0.5253683,0.261635,0.17824063
40402768,2021-04-25,0.51130253,0.27521345,0.17933986
40402768,2021-05-05,0.64210534,0.4987092,0.33989304
40402768,2021-05-10,0.802064,0.5642639,0.53320676
40402768,2021-06-04,0.8180836,0.8331193,1.1190125
40402768,2021-06-09,0.8798627,0.8388176,1.4519713
40402768,2021-06-14,0.9138391,0.8575415,1.6582655
40402768,2021-06-19,0.85963607,0.8099503,1.433712
40402768,2021-06-24,0.8624438,0.81924015,1.4283525
40402768,2021-06-29,0.8808251,0.79842114,1.5280626
40402768,2021-07-09,0.85526323,0.4105387,0.6539381
40402768,2021-07-14,0.70581675,0.70090204,1.0558465
40402768,2021-07-29,0.8870666,0.7629267,1.4062405
40402768,2021-08-18,0.8938815,0.6959953,1.3132945
40402768,2021-09-02,0.90511125,0.69079435,1.213242
40402768,2021-09-07,0.89799637,0.72864324,1.1852412
40402768,2021-09-12,0.8841297,0.6941259,1.0776297
40402768,2021-10-17,0.6669588,0.31145126,0.22228453
40402768,2021-10-27,0.600847,0.22701816,0.19570482
40402768,2021-11-11,0.57679844,0.3671314,0.21667683
40403980,2017-03-12,0.30440724,0.18162176,0.07446399
40403980,2017-04-01,0.4667673,0.13194978,0.09311164
40403980,2017-04-21,0.57149976,0.22940919,0.17180933
40403980,2017-05-21,0.8733614,0.62305903,0.9015118
40403980,2017-05-31,0.9073328,0.74157006,1.6977034
40403980,2017-06-10,0.8591664,0.78097415,1.5810233
40403980,2017-06-20,0.897188,0.7413593,1.7348261
40403980,2017-07-05,0.88402057,0.6636996,1.4570874
40403980,2017-07-10,0.75800073,1.076389,1.543997
40403980,2017-07-20,0.85082483,0.66458774,1.3417785
40403980,2017-07-25,0.9169571,0.5904349,1.4627775
40403980,2017-08-04,0.8508193,0.66537887,1.4068859
40403980,2017-08-09,0.8423926,0.64914393,1.3758947
40403980,2017-08-24,0.8810257,0.517366,0.96337205
40403980,2017-09-28,0.85938615,0.46497256,0.7287157
40403980,2017-10-08,0.71235347,0.3255584,0.308932
40403980,2017-10-13,0.62799263,0.14546539,0.097152516
40403980,2017-10-18,0.6073539,0.19654924,0.14687842
40403980,2018-04-06,0.51066726,0.22902162,0.15922694
40403980,2018-04-21,0.55063015,0.25770888,0.19228038
40403980,2018-04-26,0.5429584,0.39170995,0.29405612
40403980,2018-05-16,0.7113084,0.8462382,0.97249997
40403980,2018-05-21,0.86324483,0.8398317,1.5989748
40403980,2018-05-31,0.8457072,0.72410244,1.6199841
40403980,2018-06-10,0.87569183,0.72772944,1.8394368
40403980,2018-06-20,0.8921771,0.70675683,1.7943552
40403980,2018-06-30,0.8669632,0.76347846,1.9415437
40403980,2018-07-05,0.8846484,0.7317419,1.7899634
40403980,2018-07-10,0.8153847,0.6263543,1.1972628
40403980,2018-07-25,0.8674215,0.6658095,1.4846954
40403980,2018-07-30,0.87310743,0.66570157,1.5327761
40403980,2018-08-09,0.5975233,0.6510983,0.7697224
40403980,2018-08-14,0.8855535,0.6827469,1.6046342
40403980,2018-08-19,0.83309,0.6437301,1.2324859
40403980,2018-08-29,0.81938773,0.62103635,1.1116372
40403980,2018-09-18,0.85206187,0.6769042,1.1354699
40403980,2018-09-28,0.8980242,0.5954947,1.0296936
40403980,2018-10-03,0.7807163,0.6064627,0.77289605
40403980,2018-10-13,0.6269066,0.30881563,0.28269863
40403980,2018-10-23,0.63837636,0.21369459,0.16730365
40403980,2018-11-17,0.3499633,0.18429796,0.17422217
40403980,2019-01-06,0.24621129,0.4972205,0.29330188
40403980,2019-02-15,0.36540854,0.20172185,0.12361318
40403980,2019-02-20,0.39765316,0.2465543,0.16675703
40403980,2019-02-25,0.48681673,0.17370354,0.13510531
40403980,2019-03-02,0.50275135,0.22256178,0.14522028
40403980,2019-04-01,0.49017727,0.21389146,0.14550257
40403980,2019-04-16,0.44414166,0.24876812,0.15161
40403980,2019-04-21,0.53488374,0.23348802,0.16310173
40403980,2019-05-01,0.5852789,0.29922307,0.21831591
40403980,2019-06-10,0.78484946,0.8012288,1.4362501
40403980,2019-06-20,0.8769166,0.77944136,1.8580736
40403980,2019-06-25,0.89396924,0.8413087,2.0235002
40403980,2019-06-30,0.90752184,0.75244695,2.0291715
40403980,2019-07-05,0.88613445,0.7972028,1.8802551
40403980,2019-07-20,0.8736651,0.72269,1.5445976
40403980,2019-07-25,0.8791712,0.77251816,1.7284855
40403980,2019-08-04,0.87050676,0.7547595,1.5969254
40403980,2019-08-09,0.8922331,0.67973375,1.5477716
40403980,2019-08-14,0.7881156,0.8445632,1.2673506
40403980,2019-08-19,0.8450201,0.7038489,1.4013833
40403980,2019-09-03,0.8551708,0.6934952,1.327523
40403980,2019-09-13,0.85558796,0.6114821,1.2067523
40403980,2019-10-08,0.86825913,0.4814176,0.7604992
40403980,2019-10-23,0.49741378,0.22217946,0.13588285
40403980,2020-01-16,0.40227705,0.18839422,0.11654904
40403980,2020-02-05,0.53530484,0.19465417,0.15083677
40403980,2020-03-16,0.58131677,0.2138362,0.13591139
40403980,2020-03-21,0.38845232,0.2655425,0.14920573
40403980,2020-04-05,0.51633346,0.21478985,0.13059816
40403980,2020-04-10,0.48108637,0.21784006,0.13442513
40403980,2020-04-15,0.56800723,0.25133967,0.15653877
40403980,2020-04-25,0.5974671,0.26609457,0.1746349
40403980,2020-05-30,0.85896677,0.8205427,1.2941669
40403980,2020-06-29,0.8518685,0.731236,1.3503519
40403980,2020-07-04,0.87667555,0.5596333,1.1804115
40403980,2020-07-09,0.881356,0.67201346,1.4384469
40403980,2020-07-14,0.8661338,0.6516837,1.2830721
40403980,2020-07-19,0.83314794,0.35895714,0.6590895
40403980,2020-07-29,0.858128,0.67611104,1.2687553
40403980,2020-08-08,0.8462754,0.64459866,1.1679502
40403980,2020-08-13,0.77850306,0.69786394,1.0577568
40403980,2020-08-28,0.79211825,0.6934023,1.0378337
40403980,2020-09-12,0.83286744,0.5786183,0.88489693
40403980,2020-09-17,0.7508453,0.6136026,0.761994
40403980,2020-11-06,0.5583756,0.15194069,0.12557128
40403980,2020-11-21,0.5410138,0.123996615,0.09310473
40403980,2021-02-24,0.3918129,0.23294447,0.15059194
40403980,2021-03-01,0.5693839,0.19203323,0.1394472
40403980,2021-03-26,0.5265797,0.2246662,0.16285461
40403980,2021-03-31,0.5440075,0.23941976,0.16049743
40403980,2021-04-05,0.5112051,0.25587305,0.16053538
40403980,2021-04-25,0.4872531,0.28241414,0.17384234
40403980,2021-05-10,0.56896555,0.2830651,0.2033376
40403980,2021-06-04,0.7919101,0.70241183,0.9470725
40403980,2021-06-09,0.8615111,0.79885113,1.5658463
40403980,2021-06-14,0.90614885,0.8032129,1.8634479
40403980,2021-06-19,0.8538535,0.79429984,1.7556584
40403980,2021-06-24,0.85835254,0.8021006,1.7498325
40403980,2021-06-29,0.8790208,0.76359355,1.8475289
40403980,2021-07-09,0.4555032,0.30427048,0.43828887
40403980,2021-07-14,0.8840976,0.8434475,1.9994508
40403980,2021-07-19,0.8785085,0.76552397,1.7042063
40403980,2021-07-29,0.8922747,0.75820565,1.6817466
40403980,2021-08-18,0.8814004,0.68567514,1.4816878
40403980,2021-09-02,0.89867955,0.701199,1.5067108
40403980,2021-09-07,0.8724523,0.71546674,1.4156713
40403980,2021-09-12,0.8775715,0.681287,1.2745956
40403980,2021-10-17,0.75072885,0.429919,0.4199027
40403980,2021-10-27,0.60205036,0.2438472,0.189439
40403980,2021-11-11,0.42463446,0.29495645,0.1994921
40404275,2017-03-12,0.61383927,0.121805385,0.08311829
40404275,2017-04-01,0.5334805,0.15673642,0.09931772
40404275,2017-04-11,0.67654413,0.3636957,0.31926727
40404275,2017-04-21,0.87887424,0.49037927,0.44216046
40404275,2017-05-21,0.9238591,0.6219063,1.2902551
40404275,2017-05-31,0.9104835,0.6416787,1.5100085
40404275,2017-06-10,0.905475,0.7163218,1.5509254
40404275,2017-06-20,0.8962521,0.6847314,1.375838
40404275,2017-07-05,0.88097334,0.60874325,1.1332028
40404275,2017-07-15,0.8795688,0.6543172,1.2673587
40404275,2017-07-20,0.88437504,0.63370025,1.2289785
40404275,2017-07-25,0.9306595,0.53635794,1.1462715
40404275,2017-08-04,0.86165667,0.5981977,1.0652354
40404275,2017-08-09,0.85288596,0.5920611,1.0330058
40404275,2017-08-24,0.8873132,0.47104546,0.76063967
40404275,2017-09-28,0.80710065,0.2728546,0.41972607
40404275,2017-10-13,0.6595744,0.08560382,0.08502857
40404275,2017-10-18,0.6951219,0.10730926,0.12795743
40404275,2018-01-21,0.99686515,0.14949931,0.17806537
40404275,2018-04-06,0.56239504,0.20561399,0.1581087
40404275,2018-04-11,0.32676598,0.28596663,0.1772588
40404275,2018-04-21,0.7560781,0.3984792,0.38227454
40404275,2018-04-26,0.75672096,0.7077202,0.83477354
40404275,2018-05-26,0.5994194,0.7103814,0.886139
40404275,2018-05-31,0.8453299,0.69469386,1.4744604
40404275,2018-06-10,0.87972033,0.6876823,1.6491842
40404275,2018-06-15,0.90983254,0.7421806,1.8457347
40404275,2018-06-20,0.90317345,0.70166284,1.6561476
40404275,2018-07-05,0.8886444,0.7190683,1.6243932
40404275,2018-07-10,0.8627451,0.7622622,1.6700118
40404275,2018-07-20,0.86019164,0.73083186,1.4716861
40404275,2018-07-25,0.8860399,0.6757442,1.3475064
40404275,2018-07-30,0.87939423,0.6165864,1.3358033
40404275,2018-08-09,0.8768051,0.5833105,1.2533947
40404275,2018-08-14,0.8211658,0.57641125,0.8715155
40404275,2018-08-19,0.8439108,0.58580726,1.1664436
40404275,2018-08-29,0.8369973,0.6222842,0.9926061
40404275,2018-09-08,0.8759815,0.6188781,1.0048436
40404275,2018-09-18,0.8465399,0.5202044,0.81725407
40404275,2018-09-28,0.9239583,0.41007856,0.72017145
40404275,2018-10-03,0.75889784,0.4445989,0.6182534
40404275,2018-10-13,0.62413317,0.20023139,0.18207622
40404275,2018-10-18,0.38283682,0.46500322,0.21976134
40404275,2018-10-23,0.6979293,0.12866573,0.18467404
40404275,2018-12-27,0.7245509,0.057392213,0.077209264
40404275,2019-01-06,0.6507204,0.23944855,0.17055507
40404275,2019-02-15,0.49096388,0.15560117,0.0961106
40404275,2019-02-20,0.41855672,0.13676174,0.068806395
40404275,2019-02-25,0.33837432,0.13047282,0.089591205
40404275,2019-03-02,0.5167498,0.15770468,0.12276432
40404275,2019-04-01,0.5497442,0.21110773,0.16173331
40404275,2019-04-16,0.53252244,0.22212908,0.1669524
40404275,2019-04-21,0.73096025,0.36903915,0.2933199
40404275,2019-05-01,0.84899247,0.66997474,0.7011277
40404275,2019-05-06,0.9185099,0.32710087,0.39710975
40404275,2019-06-05,0.76088566,0.96265167,1.2442173
40404275,2019-06-20,0.86362624,0.7270571,1.4454563
40404275,2019-06-25,0.8872262,0.76633453,1.6893269
40404275,2019-06-30,0.9059732,0.708249,1.6103665
40404275,2019-07-05,0.86886054,0.68996453,1.33517
40404275,2019-07-10,0.8512773,0.72275156,1.3387166
40404275,2019-07-20,0.86381716,0.6785617,1.1241972
40404275,2019-07-25,0.8445756,0.6762363,1.1586885
40404275,2019-07-30,0.82810575,0.6744307,1.1811881
40404275,2019-08-04,0.7776697,0.641144,0.90336716
40404275,2019-08-09,0.8772493,0.53479075,0.95264894
40404275,2019-08-14,0.70374113,0.57232136,0.7870696
40404275,2019-08-19,0.8382598,0.6121701,0.96968746
40404275,2019-08-29,0.64996064,0.54929703,0.67624146
40404275,2019-09-03,0.85698646,0.51497346,0.88150597
40404275,2019-09-13,0.88208413,0.420461,0.7708819
40404275,2019-10-08,0.8389262,0.33218858,0.40622386
40404275,2019-10-23,0.59078217,0.19520976,0.13639691
40404275,2020-01-06,0.50218344,0.12626263,0.0990259
40404275,2020-01-11,0.5703422,0.14121634,0.10874165
40404275,2020-01-16,0.40302488,0.19391292,0.11823753
40404275,2020-03-11,0.44617563,0.16782993,0.13084331
40404275,2020-03-16,0.5605263,0.1800127,0.12669869
40404275,2020-03-21,0.41040462,0.24180208,0.15192737
40404275,2020-04-05,0.55195826,0.21267605,0.1363808
40404275,2020-04-10,0.56792146,0.22999427,0.14801759
40404275,2020-04-15,0.6503668,0.31247553,0.21072675
40404275,2020-04-25,0.8526188,0.5233058,0.5685884
40404275,2020-05-25,0.8511423,0.8591832,1.6566486
40404275,2020-05-30,0.877371,0.77489483,1.3831629
40404275,2020-06-29,0.8665707,0.72454756,1.3818388
40404275,2020-07-04,0.91365814,0.66631067,1.4501143
40404275,2020-07-09,0.8973848,0.687858,1.392622
40404275,2020-07-14,0.88148147,0.6495389,1.2704486
40404275,2020-07-19,0.8856628,0.75597477,1.4392246
40404275,2020-07-29,0.85745007,0.57180905,1.0194912
40404275,2020-08-08,0.8555487,0.5783254,1.0524973
40404275,2020-08-13,0.8025635,0.5961352,0.9947334
40404275,2020-09-12,0.79936415,0.46132836,0.6821027
40404275,2020-11-06,0.7413793,0.15512265,0.11876431
40404275,2020-11-21,0.7242938,0.14401259,0.094520554
40404275,2020-11-26,0.6422947,0.1485973,0.106762014
40404275,2021-02-14,0.5308411,0.15264714,0.13150117
40404275,2021-02-24,0.40196958,0.18784253,0.12808229
40404275,2021-03-01,0.60548526,0.12676118,0.13220455
40404275,2021-03-26,0.6079652,0.22828169,0.18297532
40404275,2021-03-31,0.5750274,0.22089455,0.1519338
40404275,2021-04-05,0.5457563,0.2451753,0.1637705
40404275,2021-04-25,0.5614702,0.28003708,0.17345172
40404275,2021-05-10,0.8054626,0.55574787,0.5352516
40404275,2021-06-04,0.80048186,0.67084014,0.93021965
40404275,2021-06-09,0.86741716,0.7608616,1.425504
40404275,2021-06-14,0.9134556,0.79470074,1.6516465
40404275,2021-06-19,0.85224926,0.74409056,1.4697452
40404275,2021-06-24,0.839207,0.70555556,1.4168
40404275,2021-06-29,0.87060916,0.71094006,1.4915045
40404275,2021-07-14,0.7020116,0.82684124,1.1356615
40404275,2021-07-19,0.74267864,0.7057775,1.2312
40404275,2021-07-29,0.8741157,0.6725355,1.3426301
40404275,2021-08-18,0.884968,0.61538756,1.1746144
40404275,2021-09-02,0.9071702,0.5474727,1.1205008
40404275,2021-09-07,0.862997,0.5557306,1.0826095
40404275,2021-09-12,0.8417921,0.50043696,0.86908585
40404275,2021-10-17,0.6890909,0.30669633,0.23908925
40404275,2021-10-27,0.6382002,0.15232542,0.13950574
40404275,2021-11-11,0.46191248,0.25382972,0.16137445
40406589,2017-01-01,0.46883467,0.24059707,0.13890827
40406589,2017-02-20,0.42766201,0.23589873,0.12571897
40406589,2017-03-12,0.3993363,0.22667336,0.119960465
40406589,2017-04-01,0.40306532,0.24479061,0.12821989
40406589,2017-04-21,0.46107122,0.27531406,0.16325022
40406589,2017-05-21,0.86052257,0.6860301,0.98053205
40406589,2017-05-31,0.87385017,0.7511941,1.321195
40406589,2017-06-10,0.8910855,0.8504871,1.5029309
40406589,2017-06-20,0.8868884,0.7903732,1.358713
40406589,2017-07-05,0.8720123,0.7956104,1.3664088
40406589,2017-07-15,0.85889214,0.34081444,0.38322425
40406589,2017-07-20,0.8664029,0.7014267,1.0835956
40406589,2017-07-25,0.90463156,0.77761734,1.3584735
40406589,2017-08-04,0.85831964,0.67894113,1.0114093
40406589,2017-08-09,0.84896475,0.6024201,1.0396938
40406589,2017-08-24,0.8639764,0.68760824,0.9741881
40406589,2017-09-28,0.8177778,0.525339,0.5227178
40406589,2017-10-13,0.5921951,0.30853945,0.16760932
40406589,2017-10-18,0.5324393,0.26182583,0.124023326
40406589,2018-01-21,0.49911812,0.23079434,0.124964245
40406589,2018-04-06,0.39455444,0.25418591,0.1506841
40406589,2018-04-11,0.2190417,0.13011497,0.084090404
40406589,2018-04-21,0.42795,0.25630173,0.15790448
40406589,2018-04-26,0.62557286,0.47999156,0.4108822
40406589,2018-05-26,0.88164663,0.8650286,1.5251757
40406589,2018-05-31,0.8728682,0.7648158,1.4928741
40406589,2018-06-10,0.88442415,0.745565,1.5324303
40406589,2018-06-15,0.8996701,0.8378055,1.7026829
40406589,2018-06-20,0.90085673,0.76153684,1.5378054
40406589,2018-07-05,0.88960797,0.79644215,1.5089971
40406589,2018-07-10,0.8756965,0.74070036,1.3656591
40406589,2018-07-20,0.6106319,0.51417464,0.5240602
40406589,2018-07-25,0.8821617,0.74262846,1.225926
40406589,2018-07-30,0.89078504,0.70111036,1.253025
40406589,2018-08-04,0.8660412,0.6128961,0.9953553
40406589,2018-08-09,0.8814675,0.6796257,1.1391305
40406589,2018-08-19,0.86362576,0.66735,1.0999773
40406589,2018-08-29,0.84521383,0.6281692,0.85909486
40406589,2018-09-28,0.8906906,0.5886088,0.7438985
40406589,2018-10-03,0.811652,0.5962944,0.53002703
40406589,2018-10-13,0.62233704,0.33693337,0.17996511
40406589,2018-10-18,0.4395536,0.26418746,0.15632595
40406589,2018-10-23,0.5464262,0.2794861,0.14158146
40406589,2018-12-27,0.5368503,0.25628683,0.13151707
40406589,2019-01-01,0.47140762,0.22528994,0.11042896
40406589,2019-01-06,0.54129696,0.16411424,0.05770096
40406589,2019-02-15,0.37337106,0.23094445,0.1144954
40406589,2019-02-20,0.37513065,0.24371202,0.13838194
40406589,2019-02-25,0.44,0.23248908,0.112428434
40406589,2019-03-02,0.43606347,0.23193747,0.117670365
40406589,2019-03-22,0.39988655,0.23052777,0.1218087
40406589,2019-04-01,0.4354694,0.2444779,0.13027987
40406589,2019-04-16,0.4284892,0.2519885,0.13871633
40406589,2019-04-21,0.43734157,0.2556631,0.15023035
40406589,2019-05-01,0.5374593,0.3349347,0.24411657
40406589,2019-05-06,0.6847723,0.5448232,0.5131362
40406589,2019-05-16,0.38219222,0.5480778,0.31508267
40406589,2019-06-10,0.7936854,0.5491939,0.77443254
40406589,2019-06-20,0.87821645,0.7919723,1.4151589
40406589,2019-06-25,0.88618827,0.8118616,1.589235
40406589,2019-06-30,0.9057409,0.7910695,1.5615103
40406589,2019-07-05,0.8661398,0.7042439,1.022606
40406589,2019-07-10,0.81699896,0.71641517,0.94080716
40406589,2019-07-20,0.7822159,0.6001021,0.70660645
40406589,2019-07-25,0.73163074,0.6413079,0.6890418
40406589,2019-07-30,0.70539236,0.6176821,0.6246581
40406589,2019-08-04,0.72433627,0.6045052,0.58938
40406589,2019-08-09,0.7501751,0.550907,0.59661716
40406589,2019-08-14,0.7657658,0.6233848,0.66263884
40406589,2019-08-19,0.74053264,0.5464018,0.5514268
40406589,2019-09-03,0.7683562,0.577553,0.53669596
40406589,2019-09-13,0.7585302,0.5246914,0.47560143
40406589,2019-10-08,0.628614,0.3741352,0.2905766
40406589,2019-10-23,0.5286449,0.27631345,0.15417336
40406589,2019-11-22,0.50904036,0.27347103,0.14571194
40406589,2019-12-07,0.46713784,0.23713006,0.12935132
40406589,2020-01-01,0.49598604,0.25705498,0.12236911
40406589,2020-01-06,0.44841677,0.22016783,0.12757652
40406589,2020-01-11,0.4831386,0.2500864,0.14129066
40406589,2020-01-16,0.4511539,0.24148783,0.13841979
40406589,2020-02-05,0.4610849,0.2538219,0.1340963
40406589,2020-03-11,0.3699711,0.23496209,0.12064013
40406589,2020-03-16,0.42216766,0.22656868,0.12284081
40406589,2020-03-21,0.37642583,0.24067515,0.115546025
40406589,2020-04-05,0.40435275,0.23297253,0.12059306
40406589,2020-04-10,0.39715317,0.23194025,0.12193378
40406589,2020-04-15,0.38010466,0.21851015,0.12982714
40406589,2020-04-25,0.4391144,0.2588323,0.16423416
40406589,2020-05-25,0.8502804,0.9197456,1.2667804
40406589,2020-05-30,0.8301379,0.84298253,1.0178417
40406589,2020-06-29,0.8541704,0.81497717,1.2340182
40406589,2020-07-04,0.633264,0.5776597,0.5896405
40406589,2020-07-09,0.87098,0.7752372,1.1813611
40406589,2020-07-14,0.83409095,0.76286167,1.0494567
40406589,2020-07-19,0.87603766,0.8146636,1.1670518
40406589,2020-07-29,0.8563513,0.74929976,1.0611451
40406589,2020-08-08,0.8218908,0.67481905,0.91156816
40406589,2020-08-13,0.79843533,0.6717776,0.8463982
40406589,2020-09-12,0.77018803,0.55055076,0.6650258
40406589,2020-09-17,0.8089525,0.6665907,0.5106661
40406589,2020-11-01,0.44033664,0.26793227,0.12842664
40406589,2020-11-06,0.53896904,0.24553822,0.12996179
40406589,2020-11-21,0.5562859,0.24059989,0.14654191
40406589,2020-11-26,0.54806495,0.2476402,0.13375124
40406589,2021-02-24,0.42553872,0.22847374,0.115774535
40406589,2021-03-01,0.49983758,0.2563462,0.13567318
40406589,2021-03-21,0.4449024,0.26731166,0.14625493
40406589,2021-03-26,0.43993187,0.25124082,0.13103293
40406589,2021-03-31,0.42447358,0.22762978,0.1335915
40406589,2021-04-25,0.41628098,0.24506348,0.14726147
40406589,2021-05-10,0.44961852,0.27850208,0.18534723
40406589,2021-06-04,0.78333336,0.8145875,0.92004
40406589,2021-06-09,0.8652868,0.8306951,1.2309854
40406589,2021-06-14,0.87574667,0.8512509,1.3130099
40406589,2021-06-19,0.846209,0.8140216,1.2156042
40406589,2021-06-24,0.8512915,0.7925111,1.1487833
40406589,2021-06-29,0.87550205,0.81520265,1.1991884
40406589,2021-07-09,0.8691341,0.8648755,1.3593383
40406589,2021-07-14,0.8704297,0.9345086,1.4274881
40406589,2021-07-19,0.8818722,0.81154066,1.2225591
40406589,2021-07-29,0.8861405,0.793238,1.1671201
40406589,2021-08-18,0.87797487,0.7313292,1.0917429
40406589,2021-09-02,0.8955911,0.7263056,0.92745125
40406589,2021-09-07,0.86860985,0.6978923,0.8833309
40406589,2021-09-12,0.87386924,0.64663583,0.79696035
40406589,2021-10-17,0.7716378,0.42395198,0.32878622
40406589,2021-10-27,0.5234297,0.3021525,0.16962303
40406589,2021-11-11,0.4087546,0.24150366,0.14996879
40408498,2017-01-01,0.6334012,0.18200617,0.10747828
40408498,2017-02-20,0.42951906,0.21178299,0.10153656
40408498,2017-03-12,0.46224964,0.2142704,0.10745206
40408498,2017-04-01,0.47099236,0.22830713,0.12104864
40408498,2017-04-11,0.41276282,0.2638902,0.1669304
40408498,2017-04-21,0.8255755,0.585419,0.46631247
40408498,2017-05-21,0.95,0.5836417,1.1433343
40408498,2017-05-31,0.9164295,0.8058665,1.9783099
40408498,2017-06-10,0.90662163,0.9027434,1.8918626
40408498,2017-06-20,0.9065103,0.83397174,1.8684274
40408498,2017-07-05,0.8953202,0.79024607,1.7056912
40408498,2017-07-10,0.87672913,0.87590086,1.66802
40408498,2017-07-15,0.8168281,0.25707725,0.47889417
40408498,2017-07-20,0.8731422,0.7421972,1.4587188
40408498,2017-07-25,0.92621875,0.74174386,1.7687886
40408498,2017-08-04,0.86766326,0.7187341,1.4605371
40408498,2017-08-09,0.84602404,0.6975166,1.2984093
40408498,2017-08-24,0.89406264,0.6713409,1.2557113
40408498,2017-09-28,0.8531571,0.5983112,0.8093863
40408498,2017-10-08,0.6722249,0.45825076,0.3476039
40408498,2017-10-13,0.59147877,0.25492388,0.1507407
40408498,2017-10-18,0.58415,0.26653448,0.1535867
40408498,2018-01-21,0.49598312,0.2427064,0.13993289
40408498,2018-04-06,0.48348162,0.26956183,0.14064723
40408498,2018-04-21,0.7522487,0.5482916,0.4422385
40408498,2018-04-26,0.81068546,0.885798,1.0115004
40408498,2018-05-21,0.9164261,0.97158235,2.2197483
40408498,2018-05-31,0.87859976,0.8452784,1.9262414
40408498,2018-06-10,0.89919865,0.84842885,1.9577122
40408498,2018-06-20,0.910296,0.83916444,2.0308247
40408498,2018-06-30,0.8931673,0.90290207,2.0352092
40408498,2018-07-05,0.8981642,0.851476,1.9427952
40408498,2018-07-10,0.8366255,0.79631805,1.3221672
40408498,2018-07-20,0.7675648,0.73549765,1.1492668
40408498,2018-07-25,0.8914265,0.80171055,1.6794289
40408498,2018-07-30,0.8947582,0.77171093,1.607038
40408498,2018-08-09,0.55744684,0.6298077,0.63266003
40408498,2018-08-14,0.9080931,0.80958694,1.6995468
40408498,2018-08-19,0.8652631,0.72143227,1.4089341
40408498,2018-08-29,0.86871266,0.7460009,1.3372667
40408498,2018-09-18,0.8217938,0.58273953,0.8037271
40408498,2018-09-28,0.89904934,0.74212474,1.1533159
40408498,2018-10-03,0.8275496,0.7297064,0.8621401
40408498,2018-10-13,0.6350438,0.4119175,0.3268902
40408498,2018-10-23,0.59239125,0.21414538,0.21573618
40408498,2018-11-17,0.5189647,0.24313249,0.1477922
40408498,2018-12-27,0.6154936,0.2564052,0.16169542
40408498,2019-01-01,0.44053394,0.14645363,0.1263244
40408498,2019-02-15,0.4425976,0.22719154,0.13401319
40408498,2019-02-20,0.41546884,0.22628988,0.13006721
40408498,2019-02-25,0.4165517,0.21579136,0.11833143
40408498,2019-03-02,0.40938088,0.20403966,0.12382837
40408498,2019-03-22,0.34317115,0.19668888,0.10844648
40408498,2019-04-01,0.3979281,0.23014025,0.12636735
40408498,2019-04-16,0.3822563,0.2508175,0.14224868
40408498,2019-04-21,0.57708454,0.35318303,0.24462156
40408498,2019-05-01,0.7824199,0.56181085,0.5813837
40408498,2019-06-05,0.6613819,0.7100828,1.0434189
40408498,2019-06-10,0.7087214,0.6252568,1.0220451
40408498,2019-06-20,0.7592272,0.5683504,1.1885544
40408498,2019-06-25,0.79230773,0.6373067,1.3671126
40408498,2019-06-30,0.7887617,0.5461489,1.2363937
40408498,2019-07-05,0.80124533,0.61675614,1.2820051
40408498,2019-07-20,0.749684,0.5519359,1.0298575
40408498,2019-07-25,0.77293855,0.58350885,1.1444719
40408498,2019-07-30,0.7321521,0.31611392,0.52676105
40408498,2019-08-04,0.79913324,0.59406495,1.130042
40408498,2019-08-09,0.8734793,0.60149676,1.1544949
40408498,2019-08-19,0.8217878,0.5781097,1.0280114
40408498,2019-09-03,0.8333878,0.53905,1.0770917
40408498,2019-09-13,0.8202473,0.4921615,1.038028
40408498,2019-10-08,0.8115578,0.4040699,0.5668245
40408498,2019-10-23,0.55654275,0.26376233,0.15193488
40408498,2019-11-22,0.5630906,0.24324065,0.13644925
40408498,2019-12-07,0.56226414,0.18471074,0.14334774
40408498,2020-01-01,0.52757657,0.20520042,0.13876444
40408498,2020-01-06,0.5241991,0.15984868,0.12885126
40408498,2020-01-11,0.585969,0.20784889,0.14132187
40408498,2020-01-16,0.44734094,0.18340386,0.14873922
40408498,2020-02-05,0.47539416,0.19155982,0.1335142
40408498,2020-03-11,0.36078006,0.19132067,0.11050398
40408498,2020-03-16,0.43404734,0.20542827,0.11420158
40408498,2020-03-21,0.39414567,0.23939468,0.12859692
40408498,2020-04-05,0.42814925,0.21084994,0.11992911
40408498,2020-04-10,0.4221763,0.22870573,0.13005327
40408498,2020-04-15,0.5343437,0.296295,0.18144837
40408498,2020-04-25,0.742434,0.43448773,0.44866478
40408498,2020-05-30,0.82137233,0.6975544,1.137533
40408498,2020-06-29,0.7611527,0.5576985,1.0144808
40408498,2020-07-04,0.810986,0.4615175,0.7753333
40408498,2020-07-09,0.7800728,0.5045385,1.0516485
40408498,2020-07-14,0.8666318,0.61913836,1.0315864
40408498,2020-07-19,0.7360913,0.2524585,0.43626347
40408498,2020-07-29,0.76455456,0.48405495,0.9904532
40408498,2020-08-08,0.8063201,0.48986414,1.0256386
40408498,2020-08-13,0.72430325,0.5252292,0.7894063
40408498,2020-08-28,0.776583,0.5645792,0.9035781
40408498,2020-09-12,0.7885763,0.5269055,0.7773251
40408498,2020-09-17,0.78763443,0.6082624,0.80628705
40408498,2020-11-01,0.3968984,0.16470422,0.0807403
40408498,2020-11-06,0.50636744,0.1751038,0.13665271
40408498,2020-11-21,0.5447498,0.16646567,0.13900977
40408498,2020-11-26,0.5913979,0.2163178,0.13214028
40408498,2021-02-24,0.37867516,0.20521386,0.108451426
40408498,2021-03-01,0.40545627,0.1650266,0.11048524
40408498,2021-03-21,0.2712032,0.24986374,0.08822478
40408498,2021-03-26,0.4057592,0.22364908,0.11449262
40408498,2021-03-31,0.37832627,0.18274282,0.11302403
40408498,2021-04-05,0.42138368,0.22998588,0.12117585
40408498,2021-04-25,0.37784714,0.22750328,0.1334265
40408498,2021-05-05,0.6034733,0.44361705,0.29033193
40408498,2021-05-10,0.7485208,0.48208845,0.4284089
40408498,2021-06-04,0.7655731,0.63669086,0.9139364
40408498,2021-06-09,0.8479831,0.6843412,1.2230021
40408498,2021-06-14,0.8697977,0.6941403,1.3210704
40408498,2021-06-19,0.8106957,0.6374665,1.2270802
40408498,2021-06-24,0.8114546,0.6200139,1.2219732
40408498,2021-06-29,0.8351892,0.6204728,1.2349485
40408498,2021-07-14,0.8543594,0.69680595,1.3371407
40408498,2021-07-19,0.84366155,0.62511903,1.1744916
40408498,2021-07-29,0.87448764,0.6498401,1.2209498
40408498,2021-08-18,0.8779184,0.6027423,1.1605334
40408498,2021-09-02,0.8699966,0.51980704,1.1208001
40408498,2021-09-07,0.87057006,0.6455175,1.1111435
40408498,2021-09-12,0.8732545,0.6394526,0.97207373
40408498,2021-10-17,0.6009592,0.46981627,0.43223438
40408498,2021-10-27,0.5432243,0.18449453,0.13986118
40408498,2021-11-11,0.48413017,0.25944105,0.15348938
40408498,2021-12-31,0.5056382,0.26533797,0.13750058
40409389,2017-04-01,0.5274652,0.16869867,0.09984881
40409389,2017-04-11,0.55954796,0.3511292,0.27649283
40409389,2017-04-21,0.79183394,0.44681972,0.41082895
40409389,2017-05-21,0.90769887,0.7067629,1.3591138
40409389,2017-05-31,0.9058777,0.72213256,1.5433444
40409389,2017-06-10,0.9014419,0.7802488,1.6448458
40409389,2017-06-20,0.88448274,0.7464532,1.3712254
40409389,2017-07-05,0.8796322,0.63056767,1.0585824
40409389,2017-07-15,0.8885794,0.7437054,1.2783101
40409389,2017-07-20,0.8662527,0.659119,1.1988006
40409389,2017-07-25,0.9260321,0.6054131,1.0691521
40409389,2017-07-30,0.82170314,0.99582756,1.3616601
40409389,2017-08-04,0.84912026,0.6667802,1.088399
40409389,2017-08-09,0.8387448,0.6916939,1.1347358
40409389,2017-08-24,0.866713,0.49826398,0.70078725
40409389,2017-09-28,0.807154,0.47614682,0.54768187
40409389,2017-10-08,0.4146773,0.29009113,0.3021278
40409389,2017-10-13,0.62207353,0.15622374,0.08933249
40409389,2017-10-18,0.5944746,0.24587822,0.15656768
40409389,2018-01-21,0.8244406,0.20532383,0.21069925
40409389,2018-04-06,0.5842294,0.25311542,0.17319067
40409389,2018-04-21,0.7217105,0.43359685,0.36785182
40409389,2018-04-26,0.7537228,0.7820609,0.85253876
40409389,2018-05-21,0.86809856,0.9610811,2.0508804
40409389,2018-05-26,0.8499845,0.9234803,1.6599466
40409389,2018-05-31,0.85598737,0.7449438,1.5533415
40409389,2018-06-10,0.8748234,0.7624226,1.6907473
40409389,2018-06-15,0.91417426,0.7766486,1.9790162
40409389,2018-06-20,0.9009359,0.70882124,1.6137775
40409389,2018-06-30,0.8766721,0.91038454,2.0371246
40409389,2018-07-05,0.8873403,0.78393817,1.7194078
40409389,2018-07-10,0.850298,0.6969519,1.261417
40409389,2018-07-20,0.8615079,0.9293209,1.5272262
40409389,2018-07-25,0.8750274,0.70185,1.4117172
40409389,2018-07-30,0.8836904,0.7425233,1.4156911
40409389,2018-08-04,0.82046616,0.8175189,1.4088795
40409389,2018-08-09,0.8795986,0.7532309,1.3476666
40409389,2018-08-14,0.8842105,0.6923077,1.4568301
40409389,2018-08-19,0.8340336,0.7237922,1.2110229
40409389,2018-08-29,0.84780186,0.71176976,1.1034756
40409389,2018-09-28,0.9246092,0.6315415,0.96872526
40409389,2018-10-03,0.7964101,0.6455019,0.7276176
40409389,2018-10-13,0.6496958,0.3705124,0.23212853
40409389,2018-10-18,0.5430312,0.3120077,0.17697366
40409389,2018-10-23,0.6259391,0.29300705,0.19353908
40409389,2018-11-17,0.42533934,0.35946462,0.3002794
40409389,2019-01-01,0.4200127,0.14001614,0.06490261
40409389,2019-01-06,0.5821152,0.26081595,0.1947728
40409389,2019-02-15,0.5109344,0.24121264,0.13873537
40409389,2019-02-20,0.38425654,0.23920146,0.16551144
40409389,2019-02-25,0.5373406,0.19946808,0.1221691
40409389,2019-03-02,0.47415733,0.21979167,0.14409316
40409389,2019-03-22,0.5267437,0.2594419,0.14410433
40409389,2019-04-01,0.49516195,0.23475209,0.15632726
40409389,2019-04-16,0.5284872,0.28507844,0.16710173
40409389,2019-04-21,0.6307581,0.33933035,0.25479797
40409389,2019-05-01,0.82162917,0.6532906,0.6981528
40409389,2019-06-10,0.73578453,0.66625375,0.8715408
40409389,2019-06-20,0.861846,0.77916145,1.4744394
40409389,2019-06-25,0.8922571,0.88124955,1.7287933
40409389,2019-06-30,0.8983724,0.78505516,1.689476
40409389,2019-07-05,0.8763566,0.8254838,1.4679077
40409389,2019-07-10,0.846475,0.93344903,1.5922953
40409389,2019-07-20,0.86112857,0.75993186,1.2612747
40409389,2019-07-25,0.85064936,0.76682925,1.2403203
40409389,2019-07-30,0.84412915,0.7574919,1.3397312
40409389,2019-08-04,0.82524276,0.78139365,1.1532881
40409389,2019-08-09,0.8686552,0.61540747,1.131198
40409389,2019-08-14,0.8187311,0.83910674,1.1569391
40409389,2019-08-19,0.82469547,0.68095756,1.0631053
40409389,2019-09-03,0.8637681,0.6949087,1.0259616
40409389,2019-09-13,0.85121256,0.44670206,0.5992138
40409389,2019-10-08,0.81905603,0.37598813,0.4693936
40409389,2019-10-23,0.5702411,0.2775418,0.16407646
40409389,2019-12-07,0.537694,0.20688476,0.16400261
40409389,2020-01-06,0.42066956,0.11489684,0.07839878
40409389,2020-01-11,0.65027326,0.17299864,0.12570226
40409389,2020-01-16,0.40683,0.21337073,0.15549278
40409389,2020-03-11,0.5474379,0.24050465,0.13780248
40409389,2020-03-16,0.5199616,0.21522719,0.1327408
40409389,2020-04-05,0.5536897,0.24601428,0.16603415
40409389,2020-04-10,0.51573646,0.2546517,0.15016782
40409389,2020-04-15,0.58929914,0.29832524,0.20922567
40409389,2020-04-25,0.80937165,0.543984,0.5824544
40409389,2020-05-30,0.8739265,0.8779046,1.4550937
40409389,2020-06-29,0.8598415,0.8022819,1.4286731
40409389,2020-07-04,0.88418406,0.6803931,1.4508786
40409389,2020-07-09,0.8913808,0.74437225,1.4761986
40409389,2020-07-14,0.8831283,0.71711445,1.3546834
40409389,2020-07-19,0.8730622,0.86843723,1.516534
40409389,2020-07-29,0.8651489,0.7279157,1.2815479
40409389,2020-08-08,0.85080445,0.6696342,1.144984
40409389,2020-08-13,0.79906535,0.6783022,1.0141388
40409389,2020-08-28,0.8304513,0.78621626,1.12711
40409389,2020-09-12,0.84315944,0.57282484,0.8632532
40409389,2020-09-17,0.7781397,0.77573967,0.84444875
40409389,2020-11-06,0.59127444,0.22051898,0.1472343
40409389,2020-11-21,0.67543423,0.2757852,0.14087425
40409389,2020-11-26,0.5317073,0.19060108,0.118894026
40409389,2021-02-24,0.4181278,0.2709938,0.1503
40409389,2021-03-01,0.54891026,0.21785483,0.123115316
40409389,2021-03-26,0.5586517,0.26151904,0.15393858
40409389,2021-03-31,0.5277548,0.25703105,0.17507342
40409389,2021-04-05,0.533508,0.29617158,0.1857178
40409389,2021-04-25,0.5242752,0.3086445,0.18590885
40409389,2021-05-10,0.7672097,0.54220676,0.5342216
40409389,2021-06-04,0.80212665,0.69035494,0.92144376
40409389,2021-06-09,0.8756823,0.87992775,1.5507298
40409389,2021-06-14,0.8931492,0.8497285,1.7322172
40409389,2021-06-19,0.8506164,0.8242569,1.553046
40409389,2021-06-24,0.8405631,0.7958353,1.4922378
40409389,2021-06-29,0.8621874,0.7803269,1.5925769
40409389,2021-07-09,0.87753737,0.9046416,1.8862128
40409389,2021-07-14,0.8775205,0.87565666,1.668386
40409389,2021-07-19,0.8626912,0.78970045,1.5619358
40409389,2021-07-29,0.88054186,0.77341896,1.478229
40409389,2021-08-18,0.8828059,0.746825,1.3744454
40409389,2021-09-02,0.8983934,0.76186615,1.3430532
40409389,2021-09-07,0.86882585,0.75457096,1.2638487
40409389,2021-09-12,0.8585667,0.6931566,1.1426022
40409389,2021-10-27,0.6376115,0.3259878,0.22819051
40409389,2021-11-11,0.50213724,0.3558573,0.22151724
40410928,2017-03-12,0.63560206,0.23888236,0.1288206
40410928,2017-04-01,0.5411939,0.21603845,0.12771447
40410928,2017-04-21,0.74782336,0.4302891,0.3875775
40410928,2017-05-21,0.9181457,0.7359489,1.4655131
40410928,2017-05-31,0.90889555,0.7066961,1.5577205
40410928,2017-06-10,0.8876354,0.72799504,1.4391301
40410928,2017-06-20,0.88539076,0.7180382,1.5061607
40410928,2017-07-05,0.8661369,0.58255225,1.0853907
40410928,2017-07-15,0.87158597,0.6951238,1.3908079
40410928,2017-07-20,0.8442438,0.5660663,1.2726483
40410928,2017-07-25,0.9070946,0.6068025,1.3315523
40410928,2017-07-30,0.70189613,0.85242283,1.128051
40410928,2017-08-04,0.8496989,0.63186383,1.1669868
40410928,2017-08-09,0.83697236,0.62843823,1.0974668
40410928,2017-08-24,0.8615893,0.51894695,0.9142831
40410928,2017-09-28,0.83220565,0.46046722,0.6257248
40410928,2017-10-08,0.37273338,0.46719795,0.16203138
40410928,2017-10-13,0.614589,0.22146809,0.11224216
40410928,2017-10-18,0.7105485,0.3339282,0.21835445
40410928,2018-01-21,0.80522174,0.37356764,0.24792066
40410928,2018-04-06,0.59595233,0.3074313,0.18609929
40410928,2018-04-21,0.7194163,0.3885476,0.3578873
40410928,2018-04-26,0.74223346,0.69502324,0.8141946
40410928,2018-05-21,0.7476677,0.86898893,1.3154389
40410928,2018-05-31,0.852225,0.7144617,1.4511819
40410928,2018-06-10,0.8745049,0.7443486,1.5939803
40410928,2018-06-20,0.8845532,0.6882366,1.5427535
40410928,2018-06-30,0.8712891,0.78841096,1.8192384
40410928,2018-07-05,0.85832524,0.648973,1.5211682
40410928,2018-07-10,0.8497699,0.6675168,1.2483096
40410928,2018-07-25,0.86424667,0.63782156,1.4539686
40410928,2018-07-30,0.8607562,0.62816364,1.2545574
40410928,2018-08-09,0.8064804,0.6794051,1.1969757
40410928,2018-08-14,0.89442086,0.642431,1.4840739
40410928,2018-08-29,0.8152923,0.5515213,1.0605109
40410928,2018-09-18,0.81854385,0.59630376,1.0060278
40410928,2018-09-28,0.9151062,0.7208891,1.0601938
40410928,2018-10-03,0.8021919,0.6168043,0.8517152
40410928,2018-10-13,0.6332744,0.33308506,0.27044037
40410928,2018-10-18,0.4892334,0.43147984,0.24293679
40410928,2018-10-23,0.67008686,0.3130762,0.25255662
40410928,2018-12-27,0.6603174,0.2672949,0.19062169
40410928,2019-01-01,0.6304816,0.34823698,0.19907002
40410928,2019-01-06,0.69465643,0.3780771,0.2788435
40410928,2019-02-15,0.5995432,0.33013335,0.19478357
40410928,2019-02-20,0.49722388,0.30188394,0.15601543
40410928,2019-02-25,0.6399451,0.28862447,0.16588853
40410928,2019-03-02,0.58723086,0.3174412,0.16867207
40410928,2019-03-22,0.5650273,0.30822733,0.17295384
40410928,2019-04-01,0.5643565,0.28602976,0.16720584
40410928,2019-04-16,0.5524528,0.30235437,0.17444615
40410928,2019-04-21,0.64102566,0.3442191,0.23997276
40410928,2019-05-01,0.82558674,0.6624326,0.658968
40410928,2019-06-10,0.7413274,0.68873656,1.1716441
40410928,2019-06-20,0.85922444,0.72328943,1.4934332
40410928,2019-06-25,0.8703306,0.77719414,1.581111
40410928,2019-06-30,0.89062124,0.6792156,1.6127309
40410928,2019-07-05,0.87568164,0.756263,1.5171378
40410928,2019-07-20,0.82583374,0.61270183,1.2076917
40410928,2019-07-25,0.83996165,0.6958282,1.1507323
40410928,2019-07-30,0.83935547,0.66365534,1.2076526
40410928,2019-08-04,0.81008476,0.667495,0.9960933
40410928,2019-08-09,0.8745973,0.6509869,1.1681612
40410928,2019-08-14,0.5575563,0.68727696,0.6663301
40410928,2019-08-19,0.832397,0.68730915,1.1041635
40410928,2019-09-03,0.86116534,0.6249494,1.0447893
40410928,2019-09-13,0.85949576,0.51834583,0.7014609
40410928,2019-10-08,0.84329027,0.522663,0.6191918
40410928,2019-10-23,0.5917643,0.30831546,0.19322409
40410928,2019-12-07,0.6067126,0.2831553,0.22900987
40410928,2020-01-01,0.6102699,0.37205008,0.15890151
40410928,2020-01-06,0.69798136,0.35949937,0.20488736
40410928,2020-01-11,0.7014563,0.34121767,0.21512784
40410928,2020-01-16,0.57856673,0.32371983,0.19771914
40410928,2020-02-05,0.67660207,0.356806,0.2225406
40410928,2020-03-11,0.60409,0.30925462,0.1868899
40410928,2020-03-16,0.625639,0.30946082,0.17672886
40410928,2020-04-05,0.5796387,0.27452657,0.16264008
40410928,2020-04-10,0.57279235,0.29312378,0.15760383
40410928,2020-04-15,0.60585505,0.32217038,0.21754217
40410928,2020-04-25,0.7971624,0.54959786,0.5608413
40410928,2020-05-30,0.864342,0.7791536,1.4411582
40410928,2020-06-29,0.8435948,0.67484903,1.2998643
40410928,2020-07-04,0.8682216,0.5582006,1.0785803
40410928,2020-07-09,0.8691301,0.6462754,1.3168087
40410928,2020-07-14,0.8899163,0.7384266,1.3565347
40410928,2020-07-19,0.86494255,0.7023958,1.4774613
40410928,2020-07-29,0.8417773,0.60489833,1.1385448
40410928,2020-08-08,0.84734404,0.6402713,1.1029502
40410928,2020-08-13,0.7938295,0.63362384,1.036321
40410928,2020-08-28,0.81561816,0.6432573,1.0372889
40410928,2020-09-12,0.8469047,0.617046,1.0276784
40410928,2020-09-17,0.7799068,0.6454101,0.8163228
40410928,2020-11-01,0.43709594,0.198671,0.07853832
40410928,2020-11-06,0.63949275,0.28403604,0.19926974
40410928,2020-11-21,0.73514766,0.40835518,0.2317304
40410928,2020-11-26,0.71557003,0.38283265,0.27402824
40410928,2021-02-14,0.6270802,0.34401193,0.20942794
40410928,2021-02-24,0.47585726,0.2668655,0.15965557
40410928,2021-03-01,0.6715687,0.31846887,0.19832495
40410928,2021-03-26,0.5857498,0.2901346,0.17284441
40410928,2021-03-31,0.60221875,0.29742104,0.17470157
40410928,2021-04-05,0.5731105,0.30391523,0.16291709
40410928,2021-04-25,0.5513828,0.32432324,0.17753674
40410928,2021-05-10,0.7744856,0.5425716,0.53312796
40410928,2021-06-04,0.80249614,0.70988613,1.0670353
40410928,2021-06-09,0.8586784,0.7727583,1.4430988
40410928,2021-06-14,0.90597767,0.79910624,1.6932338
40410928,2021-06-19,0.85115016,0.77954036,1.5542848
40410928,2021-06-24,0.846383,0.73803335,1.5212365
40410928,2021-06-29,0.8711656,0.7559894,1.5833896
40410928,2021-07-14,0.8796596,0.82494205,1.5714175
40410928,2021-07-19,0.876516,0.7407752,1.4841009
40410928,2021-07-29,0.8819702,0.7015858,1.4128401
40410928,2021-08-18,0.88743573,0.69030666,1.383916
40410928,2021-09-02,0.8896551,0.67058134,1.2321733
40410928,2021-09-07,0.88131255,0.69425094,1.2765623
40410928,2021-09-12,0.87263685,0.668955,1.1193843
40410928,2021-10-27,0.61584157,0.27420208,0.20152171
40410928,2021-11-11,0.6108237,0.3134444,0.21645145
40412768,2017-03-12,0.44792974,0.19337714,0.100092866
40412768,2017-04-01,0.4235842,0.19951768,0.11760057
40412768,2017-04-11,0.55380577,0.36973906,0.28963962
40412768,2017-04-21,0.69473374,0.41368434,0.3570741
40412768,2017-05-21,0.91697043,0.749644,1.3320305
40412768,2017-05-31,0.9089132,0.748503,1.6319208
40412768,2017-06-10,0.8708041,0.7982682,1.5951177
40412768,2017-06-20,0.8924328,0.7643551,1.6161741
40412768,2017-07-05,0.8825137,0.72791463,1.3794681
40412768,2017-07-15,0.89107245,0.84923834,1.5928669
40412768,2017-07-20,0.8926808,0.73576754,1.4046352
40412768,2017-07-25,0.924563,0.71110165,1.4071559
40412768,2017-07-30,0.7889017,0.8031584,1.3272771
40412768,2017-08-04,0.8286729,0.6711723,1.089958
40412768,2017-08-09,0.8115396,0.5817192,1.0887705
40412768,2017-08-24,0.8671958,0.60412836,0.91045105
40412768,2017-09-28,0.83162326,0.5489372,0.72118497
40412768,2017-10-13,0.58312404,0.22020333,0.15533334
40412768,2017-10-18,0.5987387,0.2928588,0.16723095
40412768,2018-01-21,0.61779076,0.26874173,0.17925222
40412768,2018-04-11,0.2701968,0.29828346,0.14063287
40412768,2018-04-21,0.65536714,0.4615996,0.29795063
40412768,2018-04-26,0.77269167,0.75097907,0.79741114
40412768,2018-05-26,0.63253194,0.77502185,0.9552458
40412768,2018-05-31,0.84971774,0.7524824,1.6144915
40412768,2018-06-10,0.8870681,0.78234375,1.7224667
40412768,2018-06-15,0.9032029,0.8294118,1.9443399
40412768,2018-06-20,0.8802003,0.78042275,1.6036876
40412768,2018-07-05,0.8990313,0.81092894,1.8109028
40412768,2018-07-10,0.8702197,0.8668298,1.7509629
40412768,2018-07-20,0.86020374,0.85575515,1.5520766
40412768,2018-07-25,0.8800083,0.73216176,1.5543246
40412768,2018-07-30,0.87849075,0.7257326,1.4601307
40412768,2018-08-09,0.87339056,0.7173071,1.3962648
40412768,2018-08-14,0.774478,0.5887126,0.9368732
40412768,2018-08-19,0.87150484,0.7275481,1.3329276
40412768,2018-08-29,0.85994166,0.7446041,1.1945438
40412768,2018-09-08,0.875366,0.74354327,1.3227295
40412768,2018-09-18,0.86931103,0.76277703,1.2018769
40412768,2018-09-28,0.89648026,0.6796688,1.0918171
40412768,2018-10-03,0.8332303,0.75281817,0.83726466
40412768,2018-10-13,0.63432634,0.39188868,0.2893853
40412768,2018-10-23,0.5833817,0.32822257,0.18707787
40412768,2018-12-27,0.57047725,0.22402371,0.09330067
40412768,2019-01-01,0.46684352,0.21399045,0.104898416
40412768,2019-01-06,0.5586783,0.27628565,0.12607104
40412768,2019-03-02,0.46708858,0.26409015,0.15760666
40412768,2019-04-01,0.40761325,0.24354209,0.13498369
40412768,2019-04-16,0.4272493,0.27928075,0.14180899
40412768,2019-04-21,0.5265375,0.31772125,0.22808978
40412768,2019-05-01,0.8237368,0.6463212,0.7014384
40412768,2019-05-06,0.95956093,0.34899357,0.36616918
40412768,2019-06-20,0.8808479,0.8180818,1.606763
40412768,2019-06-25,0.8821802,0.8519122,1.7865534
40412768,2019-06-30,0.9096282,0.8098795,1.7615254
40412768,2019-07-05,0.8820764,0.79432,1.5561364
40412768,2019-07-10,0.8606217,0.7916014,1.5249727
40412768,2019-07-20,0.86380994,0.74789697,1.3097762
40412768,2019-07-25,0.83748996,0.7674444,1.3330718
40412768,2019-08-04,0.7700911,0.71967787,1.0138507
40412768,2019-08-09,0.8857432,0.6433608,1.2042782
40412768,2019-08-14,0.5034643,0.44737837,0.58751434
40412768,2019-08-19,0.8375442,0.68408865,1.172313
40412768,2019-09-03,0.8752228,0.737902,1.125391
40412768,2019-09-13,0.90014905,0.68320644,1.1060466
40412768,2019-10-08,0.838644,0.4624299,0.5910798
40412768,2019-10-23,0.56388986,0.31270707,0.16605367
40412768,2019-12-07,0.5294118,0.16966903,0.1258841
40412768,2020-01-01,0.49637502,0.2254368,0.11158818
40412768,2020-01-06,0.5954887,0.17910448,0.105614066
40412768,2020-01-11,0.54595184,0.20912784,0.12115716
40412768,2020-01-16,0.48045307,0.26690754,0.15240002
40412768,2020-03-16,0.46158728,0.2460653,0.15108137
40412768,2020-03-21,0.4192547,0.29387224,0.14199622
40412768,2020-04-05,0.4403216,0.23758677,0.15045524
40412768,2020-04-10,0.4170476,0.25646538,0.13037004
40412768,2020-04-15,0.4969253,0.2826449,0.19192064
40412768,2020-04-25,0.8343435,0.59692866,0.6277924
40412768,2020-05-25,0.8891884,1.0045338,1.8421617
40412768,2020-05-30,0.8676157,0.8637732,1.4843427
40412768,2020-06-29,0.8786202,0.85984033,1.6664726
40412768,2020-07-04,0.9159594,0.7503307,1.767342
40412768,2020-07-09,0.8974674,0.7751747,1.6818154
40412768,2020-07-14,0.90491474,0.7884985,1.6381747
40412768,2020-07-19,0.8919411,0.8577977,1.6414541
40412768,2020-07-29,0.86672264,0.7457315,1.5053412
40412768,2020-08-08,0.8658591,0.71044683,1.3764725
40412768,2020-08-13,0.8569621,0.7529194,1.3745781
40412768,2020-08-28,0.8308796,0.82694626,1.348802
40412768,2020-09-12,0.8782791,0.63580084,1.1707624
40412768,2020-11-01,0.40288776,0.18578978,0.078508124
40412768,2020-11-06,0.6177286,0.34207705,0.17668271
40412768,2020-11-21,0.6357282,0.3128225,0.212212
40412768,2020-11-26,0.6434714,0.34849256,0.2028105
40412768,2021-02-24,0.44212833,0.28544107,0.1544381
40412768,2021-03-01,0.5287206,0.27990878,0.17787088
40412768,2021-03-26,0.46388444,0.29314312,0.14878918
40412768,2021-03-31,0.45692256,0.23811185,0.1632848
40412768,2021-04-05,0.47958523,0.2743586,0.1672667
40412768,2021-04-25,0.44515383,0.2656093,0.1717656
40412768,2021-05-05,0.5856512,0.4450107,0.3076049
40412768,2021-05-10,0.78971606,0.5766213,0.5601561
40412768,2021-06-04,0.8325531,0.8587454,1.3560283
40412768,2021-06-09,0.88578504,0.8721537,1.7969086
40412768,2021-06-14,0.9228057,0.8690107,1.9833525
40412768,2021-06-19,0.8680927,0.8341897,1.745151
40412768,2021-06-24,0.8613084,0.81141055,1.6466492
40412768,2021-06-29,0.89033943,0.8193177,1.828902
40412768,2021-07-14,0.8982588,0.9211862,1.9745975
40412768,2021-07-19,0.7923517,0.79342926,1.4658805
40412768,2021-07-29,0.9046637,0.79013765,1.7409046
40412768,2021-08-18,0.9053128,0.7693147,1.6430645
40412768,2021-09-02,0.91220325,0.7819026,1.5854999
40412768,2021-09-07,0.8957425,0.7556062,1.5269799
40412768,2021-09-12,0.8972961,0.7301605,1.3900464
40412768,2021-10-27,0.58765984,0.2706074,0.16739707
40412768,2021-11-11,0.5534213,0.36314937,0.19366962
40422753,2017-01-01,0.5836431,0.20560504,0.08266435
40422753,2017-03-12,0.50320005,0.22695293,0.11940066
40422753,2017-04-01,0.4923781,0.23595588,0.12202587
40422753,2017-04-11,0.58904105,0.34591302,0.24289277
40422753,2017-04-21,0.69806457,0.3997045,0.26178348
40422753,2017-05-21,0.91337574,0.8013731,1.2984594
40422753,2017-05-31,0.91543025,0.7962831,1.6515172
40422753,2017-06-10,0.9039629,0.8345694,1.8351321
40422753,2017-06-20,0.90017897,0.7895564,1.6028054
40422753,2017-07-05,0.87873644,0.750933,1.522327
40422753,2017-07-20,0.9002613,0.732096,1.4629374
40422753,2017-07-25,0.9171515,0.69952786,1.5714662
40422753,2017-07-30,0.8944499,0.89970315,1.9774559
40422753,2017-08-04,0.8654434,0.64702964,1.3017714
40422753,2017-08-09,0.87213045,0.71903634,1.2858922
40422753,2017-08-24,0.8836879,0.59198016,1.1043041
40422753,2017-09-28,0.8128249,0.49683952,0.5123276
40422753,2017-10-13,0.607078,0.25827125,0.12813824
40422753,2017-10-18,0.5576764,0.25747126,0.1276
40422753,2018-04-21,0.54347044,0.28520462,0.21304367
40422753,2018-04-26,0.77649635,0.7414651,0.6994058
40422753,2018-05-26,0.7683686,0.86194247,1.2658842
40422753,2018-05-31,0.8787879,0.8196176,1.6987144
40422753,2018-06-10,0.8979745,0.81362146,1.9229692
40422753,2018-06-15,0.92010975,0.8678568,2.0658858
40422753,2018-06-20,0.91643924,0.76737815,1.9653594
40422753,2018-07-05,0.9073805,0.8422891,1.992405
40422753,2018-07-10,0.8900495,0.845019,2.000786
40422753,2018-07-20,0.8785029,0.83235323,1.770208
40422753,2018-07-25,0.9001934,0.78761214,1.6366923
40422753,2018-07-30,0.8960557,0.69761556,1.6084174
40422753,2018-08-04,0.85482967,0.8016826,1.5017302
40422753,2018-08-09,0.8967179,0.7162499,1.6133777
40422753,2018-08-14,0.73050255,0.6198073,0.82593995
40422753,2018-08-19,0.8883918,0.7043384,1.4118873
40422753,2018-08-29,0.86536044,0.6448413,1.2268928
40422753,2018-09-08,0.88291854,0.599877,1.1756666
40422753,2018-09-18,0.85399455,0.61839217,1.0389116
40422753,2018-09-28,0.8817145,0.6257943,0.9133045
40422753,2018-10-03,0.82588834,0.6312318,0.74182457
40422753,2018-10-13,0.58519465,0.30773878,0.18261833
40422753,2018-10-18,0.25305623,0.39507592,0.13961063
40422753,2018-10-23,0.59463716,0.28237584,0.15069966
40422753,2018-12-27,0.39510202,0.20578231,0.09173374
40422753,2019-01-01,0.44423154,0.24152878,0.10680311
40422753,2019-01-06,0.4570884,0.2832716,0.13921194
40422753,2019-03-02,0.47292417,0.24707656,0.1327224
40422753,2019-04-01,0.47024673,0.24372815,0.13972223
40422753,2019-04-16,0.47675282,0.2541806,0.14780925
40422753,2019-04-21,0.5455167,0.299579,0.1760362
40422753,2019-05-01,0.79108214,0.58300096,0.4853979
40422753,2019-06-20,0.8879787,0.8142054,1.7372203
40422753,2019-06-30,0.91641223,0.808826,1.8820018
40422753,2019-07-05,0.89119065,0.7686894,1.6958238
40422753,2019-07-10,0.8710194,0.79883176,1.564938
40422753,2019-07-20,0.8773911,0.717679,1.3953861
40422753,2019-08-04,0.790164,0.6717102,1.1085837
40422753,2019-08-09,0.8987049,0.69985235,1.3106133
40422753,2019-08-14,0.88152695,0.7461189,1.6361953
40422753,2019-08-19,0.8664893,0.72910833,1.1815083
40422753,2019-09-03,0.887471,0.61394006,1.1103278
40422753,2019-09-13,0.8817676,0.58033824,0.98648703
40422753,2019-10-08,0.7900194,0.44632396,0.42796314
40422753,2019-10-23,0.54747117,0.2556665,0.14625067
40422753,2019-12-07,0.51950896,0.2437068,0.113343105
40422753,2020-01-01,0.5286731,0.2545037,0.12365336
40422753,2020-01-06,0.5660456,0.2688828,0.117540404
40422753,2020-01-11,0.5668359,0.26636982,0.13049135
40422753,2020-01-16,0.5148064,0.2702487,0.11855967
40422753,2020-03-16,0.5072463,0.25730565,0.13263889
40422753,2020-03-21,0.41586867,0.24981509,0.13058822
40422753,2020-04-05,0.49240783,0.25150496,0.12897532
40422753,2020-04-10,0.44426623,0.2146205,0.1282609
40422753,2020-04-15,0.5057317,0.27167025,0.14076933
40422753,2020-04-25,0.7690173,0.5051242,0.3898853
40422753,2020-05-25,0.8938134,1.0060613,1.6812344
40422753,2020-05-30,0.8925024,0.8435487,1.5797237
40422753,2020-06-29,0.88162,0.8312222,1.8994591
40422753,2020-07-04,0.92054385,0.75993544,1.8702515
40422753,2020-07-09,0.9077258,0.7513961,1.8454894
40422753,2020-07-14,0.9029989,0.81985945,1.7653267
40422753,2020-07-19,0.90208906,0.8028772,1.9101124
40422753,2020-07-29,0.88985926,0.7009631,1.7093827
40422753,2020-08-08,0.87303156,0.679225,1.5173765
40422753,2020-08-13,0.8557182,0.7500186,1.365074
40422753,2020-09-12,0.873955,0.71176684,1.1553359
40422753,2020-11-01,0.39943346,0.2137104,0.08947381
40422753,2020-11-06,0.5826251,0.2527549,0.1561345
40422753,2020-11-21,0.39794683,0.23054856,0.145623
40422753,2020-11-26,0.55976003,0.2430959,0.13837498
40422753,2021-02-24,0.39048895,0.2216983,0.12873013
40422753,2021-03-01,0.51142627,0.24143445,0.14779094
40422753,2021-03-26,0.4618042,0.23505276,0.14490274
40422753,2021-03-31,0.49393284,0.2532572,0.15293881
40422753,2021-04-05,0.48148152,0.23415364,0.11528683
40422753,2021-04-25,0.4932897,0.27620968,0.1584916
40422753,2021-05-05,0.507366,0.34931841,0.18886419
40422753,2021-05-10,0.70558935,0.47516116,0.3350285
40422753,2021-06-04,0.84313065,0.88464373,1.338788
40422753,2021-06-09,0.8986422,0.9492045,1.8150538
40422753,2021-06-14,0.924812,0.9311741,2.16044
40422753,2021-06-19,0.8781303,0.88761395,1.8434721
40422753,2021-06-24,0.8705668,0.8286063,1.888557
40422753,2021-06-29,0.89828163,0.8561644,2.0310133
40422753,2021-07-14,0.9041721,0.9525445,2.2259078
40422753,2021-07-19,0.87834543,0.84154785,1.7612817
40422753,2021-07-29,0.90648013,0.8430352,1.8658065
40422753,2021-08-18,0.90778315,0.8383866,1.752476
40422753,2021-09-02,0.9130777,0.81513345,1.6331662
40422753,2021-09-07,0.90093464,0.81791955,1.5177692
40422753,2021-09-12,0.892843,0.7912812,1.3606858
40422753,2021-10-17,0.4072934,0.5828342,0.23469076
40422753,2021-10-27,0.6082115,0.3052422,0.096325584
40422753,2021-11-11,0.48131865,0.26253745,0.16315995
40423360,2017-02-20,0.5697211,0.15193368,0.11221016
40423360,2017-03-12,0.6107383,0.18989983,0.13135815
40423360,2017-04-01,0.55941397,0.21283184,0.14421326
40423360,2017-04-11,0.6095973,0.30096772,0.19582927
40423360,2017-04-21,0.7478197,0.38634828,0.30388364
40423360,2017-05-21,0.9319932,0.7195694,1.2045932
40423360,2017-05-31,0.91569084,0.71554536,1.5711803
40423360,2017-06-10,0.9012999,0.76918745,1.7052236
40423360,2017-06-20,0.89664435,0.7383936,1.4812332
40423360,2017-07-05,0.891539,0.68881905,1.2340224
40423360,2017-07-15,0.89771914,0.7066718,1.3301156
40423360,2017-07-20,0.8739795,0.61908203,1.1723709
40423360,2017-07-25,0.92387724,0.6336388,1.2629411
40423360,2017-07-30,0.70861316,0.51180935,0.6459196
40423360,2017-08-04,0.8542426,0.6333707,1.1153265
40423360,2017-08-09,0.8060775,0.6175143,0.95536995
40423360,2017-08-24,0.8785235,0.5303891,0.926099
40423360,2017-08-29,0.7364601,0.31304884,0.32956368
40423360,2017-09-28,0.84319025,0.4642206,0.5413577
40423360,2017-10-13,0.66097707,0.22757673,0.1624837
40423360,2017-10-18,0.6582734,0.23801266,0.15976247
40423360,2018-01-21,0.73401535,0.23730777,0.16096427
40423360,2018-04-06,0.5691465,0.24306096,0.1480748
40423360,2018-04-21,0.739587,0.41942912,0.3327457
40423360,2018-04-26,0.7841256,0.72272164,0.7661662
40423360,2018-05-21,0.8943539,0.935453,1.8780175
40423360,2018-05-26,0.7002442,0.47422168,0.72662544
40423360,2018-05-31,0.86857826,0.7522246,1.4248106
40423360,2018-06-10,0.88286245,0.7549466,1.5206095
40423360,2018-06-15,0.9103764,0.76999533,1.8505222
40423360,2018-06-20,0.9099692,0.7238934,1.6310449
40423360,2018-07-05,0.8181085,0.699893,1.3340977
40423360,2018-07-10,0.87158185,0.7804056,1.5230011
40423360,2018-07-20,0.66862166,0.6202604,0.8425596
40423360,2018-07-25,0.87439376,0.6565196,1.2708538
40423360,2018-07-30,0.8753009,0.65767103,1.2865225
40423360,2018-08-09,0.8832536,0.67792875,1.2388841
40423360,2018-08-14,0.89903104,0.61591667,1.365994
40423360,2018-08-19,0.8701169,0.6442995,1.1494616
40423360,2018-08-29,0.843233,0.59986883,0.96202934
40423360,2018-09-08,0.84307176,0.4335322,0.6516339
40423360,2018-09-28,0.9096082,0.58299243,0.8435512
40423360,2018-10-03,0.802685,0.52736294,0.5966652
40423360,2018-10-13,0.6092047,0.28787822,0.18906191
40423360,2018-10-23,0.6579247,0.23338592,0.17208233
40423360,2018-12-27,0.6463022,0.17988186,0.13632743
40423360,2019-01-01,0.5110271,0.17501834,0.07161219
40423360,2019-01-06,0.4209683,0.27046514,0.14429404
40423360,2019-02-15,0.5871511,0.24027064,0.12621842
40423360,2019-02-20,0.46058092,0.2346227,0.12549765
40423360,2019-02-25,0.60668385,0.20841613,0.13637133
40423360,2019-03-02,0.52,0.19730186,0.12075676
40423360,2019-03-22,0.51996416,0.25132278,0.13758627
40423360,2019-04-01,0.53339434,0.2463346,0.15911628
40423360,2019-04-16,0.5296,0.2668817,0.17149927
40423360,2019-04-21,0.6489152,0.324842,0.23557389
40423360,2019-05-01,0.80991966,0.5660779,0.55009586
40423360,2019-06-20,0.86836076,0.7572565,1.343569
40423360,2019-06-25,0.8958491,0.8522707,1.7658088
40423360,2019-06-30,0.9127489,0.7568308,1.6312807
40423360,2019-07-05,0.878735,0.74404436,1.3662127
40423360,2019-07-10,0.85997576,0.7870662,1.4336143
40423360,2019-07-20,0.86788476,0.6983187,1.2326546
40423360,2019-07-25,0.86615765,0.74846697,1.2325553
40423360,2019-07-30,0.8694389,0.7293425,1.2883817
40423360,2019-08-04,0.772347,0.7024711,0.931853
40423360,2019-08-09,0.90447307,0.6620667,1.1378279
40423360,2019-08-14,0.8921161,0.72686976,1.3278366
40423360,2019-08-19,0.8535757,0.6848862,1.0506821
40423360,2019-09-03,0.88575816,0.6774281,1.004305
40423360,2019-09-13,0.8739519,0.6120709,0.9980938
40423360,2019-10-08,0.84318453,0.41119263,0.45309445
40423360,2019-10-23,0.5768833,0.22862048,0.161747
40423360,2019-12-07,0.651325,0.20372552,0.16827495
40423360,2020-01-01,0.5285792,0.2081547,0.11708506
40423360,2020-01-06,0.59020615,0.18592189,0.124408275
40423360,2020-01-11,0.6515337,0.24583331,0.1344177
40423360,2020-01-16,0.5004517,0.23521422,0.11657456
40423360,2020-03-11,0.58826727,0.2340407,0.12614655
40423360,2020-03-16,0.5793026,0.21328588,0.13849314
40423360,2020-04-05,0.5660285,0.23130317,0.1705498
40423360,2020-04-10,0.5082105,0.24115884,0.14067705
40423360,2020-04-15,0.5888145,0.2815655,0.20066543
40423360,2020-04-25,0.80279285,0.5173934,0.481193
40423360,2020-05-30,0.8884189,0.82464015,1.275706
40423360,2020-06-29,0.85421216,0.7451264,1.3420868
40423360,2020-07-04,0.8964604,0.65821576,1.3238144
40423360,2020-07-09,0.88360775,0.6965565,1.3522931
40423360,2020-07-14,0.8930222,0.73135996,1.3159469
40423360,2020-07-19,0.27510914,0.5610761,0.31773654
40423360,2020-07-29,0.8734655,0.6988516,1.2363495
40423360,2020-08-08,0.8659612,0.6642059,1.0624317
40423360,2020-08-13,0.81083107,0.6422472,0.9977322
40423360,2020-08-28,0.8345393,0.6874081,1.0064294
40423360,2020-09-12,0.88361824,0.60187095,0.8501213
40423360,2020-11-01,0.41312426,0.21126169,0.10646134
40423360,2020-11-06,0.58506817,0.17724328,0.13307431
40423360,2020-11-21,0.15341903,0.19483402,0.060817484
40423360,2020-11-26,0.6271656,0.20299672,0.14146888
40423360,2021-02-24,0.44937524,0.21450312,0.12171956
40423360,2021-03-01,0.5775536,0.19421592,0.13275774
40423360,2021-03-26,0.5577889,0.250328,0.16615805
40423360,2021-03-31,0.5535224,0.24295238,0.15849707
40423360,2021-04-05,0.5362435,0.27294225,0.18120913
40423360,2021-04-25,0.522888,0.27277318,0.17993394
40423360,2021-05-10,0.7387903,0.46956888,0.4086897
40423360,2021-06-04,0.77850163,0.70115393,0.90666884
40423360,2021-06-09,0.8665407,0.82062304,1.44777
40423360,2021-06-14,0.9066377,0.815152,1.55179
40423360,2021-06-19,0.8481746,0.7766458,1.3519211
40423360,2021-06-24,0.8385299,0.7353953,1.2936386
40423360,2021-06-29,0.85810673,0.7387264,1.3309568
40423360,2021-07-09,0.8886833,0.90670466,1.8028238
40423360,2021-07-14,0.8692629,0.8112067,1.5245521
40423360,2021-07-19,0.87237656,0.7479371,1.4375694
40423360,2021-07-29,0.8711271,0.713944,1.262675
40423360,2021-08-18,0.87766576,0.6926463,1.1389754
40423360,2021-09-02,0.8920358,0.68438447,1.1736217
40423360,2021-09-07,0.8659721,0.67049253,1.0528991
40423360,2021-09-12,0.85615915,0.6430542,0.94743013
40423360,2021-10-17,0.71978354,0.43476683,0.34544468
40423360,2021-10-27,0.6383588,0.25625312,0.15778612
40423360,2021-11-11,0.5201306,0.20527355,0.16290262
40423360,2021-12-31,0.56180507,0.21280286,0.12531218
40427867,2017-01-01,0.988024,0.040582415,0.10178572
40427867,2017-02-20,0.58208954,0.19877677,0.15266879
40427867,2017-03-12,0.5702031,0.23572227,0.16868553
40427867,2017-04-01,0.5180145,0.24019903,0.15585048
40427867,2017-04-11,0.5297637,0.31069085,0.2389101
40427867,2017-04-21,0.6915184,0.36672953,0.28329673
40427867,2017-05-21,0.9335101,0.7516587,1.352463
40427867,2017-05-31,0.92705405,0.7544031,1.6370394
40427867,2017-06-10,0.88854736,0.7872,1.5937016
40427867,2017-06-20,0.90265125,0.7794392,1.6700052
40427867,2017-07-05,0.8890608,0.74252486,1.4629864
40427867,2017-07-15,0.90165347,0.7623733,1.6449244
40427867,2017-07-20,0.8995797,0.72477454,1.4716204
40427867,2017-07-25,0.92394036,0.7071717,1.6183199
40427867,2017-07-30,0.30366495,0.6726503,0.21334755
40427867,2017-08-04,0.8788018,0.7160159,1.2842592
40427867,2017-08-09,0.86844486,0.73130804,1.2081349
40427867,2017-08-24,0.89317656,0.65214956,1.1177654
40427867,2017-09-28,0.84717613,0.5443097,0.616937
40427867,2017-10-13,0.6365296,0.26257297,0.18136868
40427867,2017-10-18,0.67249125,0.27047107,0.21011999
40427867,2018-04-06,0.442654,0.2565464,0.16222422
40427867,2018-04-21,0.6352374,0.3474235,0.2909244
40427867,2018-04-26,0.76462525,0.6583504,0.65176296
40427867,2018-05-21,0.89356315,0.87731814,1.8295633
40427867,2018-05-31,0.87556076,0.7624241,1.5502969
40427867,2018-06-10,0.8899571,0.7603188,1.654976
40427867,2018-06-15,0.9125321,0.81963414,1.9428012
40427867,2018-06-20,0.9082864,0.7683147,1.7513037
40427867,2018-06-30,0.87856615,0.8350135,1.8307759
40427867,2018-07-05,0.81357193,0.7017656,1.311548
40427867,2018-07-10,0.8785047,0.80422074,1.5843775
40427867,2018-07-20,0.7412707,0.71660453,0.9988708
40427867,2018-07-25,0.8808657,0.71374005,1.4324394
40427867,2018-07-30,0.8952574,0.7150038,1.4081804
40427867,2018-08-09,0.8947369,0.72636366,1.41077
40427867,2018-08-14,0.85663825,0.6993826,1.2646437
40427867,2018-08-19,0.87920976,0.70652765,1.2499235
40427867,2018-08-29,0.8674365,0.68980724,1.0809044
40427867,2018-09-08,0.84764796,0.54444444,0.7434745
40427867,2018-09-28,0.91147995,0.656113,0.8890802
40427867,2018-10-03,0.82921225,0.6286962,0.6770582
40427867,2018-10-13,0.6485268,0.35057148,0.2289051
40427867,2018-10-23,0.7227036,0.3262145,0.22833379
40427867,2018-12-27,0.86499995,0.085389934,0.110421814
40427867,2019-02-15,0.53449863,0.23089457,0.18475285
40427867,2019-02-20,0.5127572,0.2461964,0.16874738
40427867,2019-02-25,0.6262408,0.28773698,0.19725597
40427867,2019-03-02,0.5665893,0.23884976,0.18632689
40427867,2019-03-22,0.4760723,0.24868527,0.17533869
40427867,2019-04-01,0.5244395,0.26389757,0.17971112
40427867,2019-04-16,0.5248933,0.28233674,0.19084774
40427867,2019-04-21,0.6404736,0.33885112,0.24848829
40427867,2019-05-01,0.8231624,0.57472354,0.53362375
40427867,2019-06-10,0.6929197,0.6615776,0.84434843
40427867,2019-06-20,0.87688047,0.78660464,1.5185798
40427867,2019-06-25,0.8935375,0.841424,1.6995465
40427867,2019-06-30,0.9108178,0.78031313,1.642339
40427867,2019-07-05,0.88198763,0.7678443,1.533973
40427867,2019-07-10,0.8463341,0.6944605,1.4508687
40427867,2019-07-20,0.8715194,0.7289031,1.3034993
40427867,2019-07-25,0.8691268,0.77156025,1.2907761
40427867,2019-07-30,0.8721361,0.7554052,1.350822
40427867,2019-08-04,0.79558253,0.7347706,0.9953715
40427867,2019-08-09,0.8947118,0.6802869,1.254363
40427867,2019-08-14,0.8986254,0.76358724,1.42975
40427867,2019-08-19,0.8552354,0.6916607,1.1119409
40427867,2019-09-03,0.8852927,0.7125344,1.1278248
40427867,2019-09-13,0.8882427,0.66761684,0.9759656
40427867,2019-10-08,0.8572475,0.45424566,0.513
40427867,2019-10-23,0.5972414,0.25722772,0.20381764
40427867,2020-01-01,0.4386852,0.082454145,0.08094018
40427867,2020-01-06,0.665,0.06359072,0.0853909
40427867,2020-01-11,0.62724936,0.114818126,0.116812766
40427867,2020-01-16,0.5370255,0.19402853,0.12788649
40427867,2020-03-11,0.53666395,0.2573018,0.18722753
40427867,2020-03-16,0.5826446,0.2666414,0.18480724
40427867,2020-03-21,0.48918062,0.29293057,0.17225052
40427867,2020-04-05,0.5532724,0.26746625,0.17625949
40427867,2020-04-10,0.52406216,0.2628478,0.1737496
40427867,2020-04-15,0.58327323,0.2982159,0.2017954
40427867,2020-04-25,0.79073244,0.4885482,0.43316412
40427867,2020-05-25,0.8434586,0.62662697,0.7793338
40427867,2020-05-30,0.9023652,0.8691453,1.5181046
40427867,2020-06-29,0.88880247,0.8365047,1.6380216
40427867,2020-07-04,0.91549295,0.7389672,1.5964751
40427867,2020-07-09,0.91573477,0.8046744,1.6964017
40427867,2020-07-14,0.9114331,0.7917191,1.6638972
40427867,2020-07-29,0.90033644,0.77552795,1.5251569
40427867,2020-08-08,0.8875465,0.72408825,1.3234822
40427867,2020-08-13,0.847864,0.736854,1.222009
40427867,2020-08-28,0.86907625,0.8189215,1.2908404
40427867,2020-09-12,0.87715936,0.65883374,1.0489728
40427867,2020-09-17,0.8262063,0.706879,0.9306702
40427867,2020-11-01,0.47722176,0.2624661,0.15712608
40427867,2020-11-06,0.63556534,0.24055843,0.2130474
40427867,2020-11-21,0.69040245,0.23282522,0.21295692
40427867,2020-11-26,0.6978517,0.22024411,0.18221538
40427867,2021-02-14,0.5117433,0.29259342,0.20433511
40427867,2021-02-24,0.47271383,0.2445258,0.16296928
40427867,2021-03-01,0.6332623,0.2853574,0.20777556
40427867,2021-03-26,0.5415598,0.2788777,0.19515362
40427867,2021-03-31,0.53774774,0.244985,0.1755164
40427867,2021-04-05,0.55179054,0.28321275,0.17856869
40427867,2021-04-25,0.54589015,0.2819771,0.19035704
40427867,2021-05-05,0.5931982,0.3830075,0.25492647
40427867,2021-05-10,0.75929976,0.4703171,0.391083
40427867,2021-06-04,0.8133073,0.8004623,1.0601094
40427867,2021-06-09,0.892989,0.8485274,1.5661396
40427867,2021-06-14,0.918048,0.8526796,1.7472605
40427867,2021-06-19,0.8770845,0.8090497,1.5806304
40427867,2021-06-24,0.8734228,0.77664196,1.487475
40427867,2021-06-29,0.89600456,0.8094432,1.6489655
40427867,2021-07-09,0.8899082,0.6355225,1.4592813
40427867,2021-07-14,0.8971216,0.8597615,1.7523626
40427867,2021-07-19,0.890316,0.7744281,1.6199918
40427867,2021-07-29,0.8914396,0.74164647,1.5362028
40427867,2021-08-18,0.90575683,0.7300773,1.4345391
40427867,2021-09-02,0.9169762,0.75406957,1.3372104
40427867,2021-09-07,0.90090287,0.7387944,1.2500618
40427867,2021-09-12,0.89033324,0.70026386,1.1341054
40427867,2021-10-17,0.6550206,0.48217902,0.35179514
40427867,2021-10-27,0.58492005,0.27179107,0.18821372
40427867,2021-11-11,0.60515463,0.24196208,0.18533517
40430092,2017-01-01,0.5116115,0.14237036,0.077589065
40430092,2017-02-20,0.44673917,0.1615566,0.07890242
40430092,2017-03-12,0.44291806,0.18027921,0.0821342
40430092,2017-04-01,0.42869565,0.19197817,0.104205936
40430092,2017-04-11,0.45931032,0.25985172,0.2171687
40430092,2017-04-21,0.5705036,0.2966704,0.22954614
40430092,2017-05-21,0.9047387,0.64917177,1.0775892
40430092,2017-05-31,0.8877711,0.6725721,1.4241127
40430092,2017-06-10,0.8761528,0.7194893,1.5733013
40430092,2017-06-20,0.8789474,0.68595964,1.4599309
40430092,2017-07-05,0.86670095,0.6618976,1.2544525
40430092,2017-07-15,0.7332107,0.34966877,0.51401776
40430092,2017-07-20,0.8419468,0.6194854,1.2445747
40430092,2017-07-25,0.9090139,0.5978887,1.3038385
40430092,2017-08-04,0.8322319,0.6301486,1.1193025
40430092,2017-08-09,0.7852168,0.88427275,0.6000883
40430092,2017-08-24,0.85531133,0.5458371,0.91966283
40430092,2017-09-28,0.8532991,0.5010532,0.7266188
40430092,2017-10-13,0.54999995,0.23491943,0.13888967
40430092,2017-10-18,0.53975236,0.25659046,0.14724626
40430092,2018-01-21,0.58787256,0.22027957,0.16602983
40430092,2018-04-06,0.43424857,0.21606272,0.13039573
40430092,2018-04-21,0.50635666,0.3066667,0.2075164
40430092,2018-04-26,0.695149,0.55207884,0.60622567
40430092,2018-05-26,0.86386025,0.7075783,1.5487777
40430092,2018-05-31,0.85983825,0.72156876,1.6421595
40430092,2018-06-10,0.8826553,0.73020375,1.738723
40430092,2018-06-15,0.8912567,0.76621467,1.9673779
40430092,2018-06-20,0.89564043,0.7054156,1.6822869
40430092,2018-07-05,0.87095314,0.69044113,1.6108688
40430092,2018-07-10,0.86814564,0.7574595,1.7472378
40430092,2018-07-25,0.8652621,0.6412723,1.3978683
40430092,2018-07-30,0.8762389,0.66736627,1.4379063
40430092,2018-08-09,0.87610614,0.6600978,1.3542037
40430092,2018-08-19,0.84324455,0.6244012,1.1979465
40430092,2018-08-24,0.801341,0.63992226,1.1367327
40430092,2018-08-29,0.82179177,0.64231646,1.1027198
40430092,2018-09-08,0.8345763,0.681114,1.1859766
40430092,2018-09-28,0.90571594,0.62497455,1.0384777
40430092,2018-10-03,0.8023351,0.58593756,0.7824467
40430092,2018-10-13,0.67669934,0.35454836,0.2909231
40430092,2018-10-18,0.4819127,0.25146455,0.12726955
40430092,2018-10-23,0.49704844,0.22368233,0.17839609
40430092,2018-12-27,0.45494664,0.2365834,0.14810951
40430092,2019-01-01,0.4156788,0.20927997,0.14939378
40430092,2019-01-06,0.46127945,0.25805235,0.1561277
40430092,2019-02-15,0.4089923,0.24416883,0.13509166
40430092,2019-02-20,0.3502907,0.19459808,0.08742503
40430092,2019-02-25,0.39759037,0.22388902,0.122961216
40430092,2019-03-02,0.39882123,0.22523855,0.123739906
40430092,2019-04-01,0.3943239,0.21805759,0.13069247
40430092,2019-04-16,0.4562124,0.28187993,0.16987348
40430092,2019-04-21,0.5110968,0.30188465,0.19605593
40430092,2019-05-01,0.68628657,0.43530104,0.37652943
40430092,2019-05-06,0.6026578,0.18132748,0.18308789
40430092,2019-06-10,0.7403288,0.57638735,0.9068446
40430092,2019-06-20,0.8670789,0.72086793,1.6348705
40430092,2019-06-25,0.8936878,0.79521096,1.8696856
40430092,2019-06-30,0.90108126,0.7114316,1.7802113
40430092,2019-07-05,0.86468,0.6809526,1.3811629
40430092,2019-07-10,0.83672583,0.719881,1.2840581
40430092,2019-07-20,0.81412643,0.59948385,1.030865
40430092,2019-07-25,0.79065865,0.6548304,1.0056001
40430092,2019-07-30,0.7990022,0.6642832,1.1325653
40430092,2019-08-04,0.77171576,0.6280918,0.97321254
40430092,2019-08-09,0.8547892,0.58233774,1.0491047
40430092,2019-08-14,0.8175047,0.47153604,0.91344905
40430092,2019-08-19,0.807008,0.5875196,0.88642305
40430092,2019-09-03,0.8346609,0.5988886,0.91671294
40430092,2019-09-13,0.8417684,0.54902107,0.8506711
40430092,2019-10-08,0.75331235,0.45338905,0.47424018
40430092,2019-10-23,0.45095113,0.23588403,0.12383765
40430092,2019-11-22,0.49021083,0.28003615,0.1465596
40430092,2019-12-07,0.47403684,0.25638703,0.150063
40430092,2020-01-01,0.43960062,0.25700384,0.14016874
40430092,2020-01-06,0.4341969,0.23093882,0.13831058
40430092,2020-01-11,0.49386844,0.25545904,0.15666813
40430092,2020-01-16,0.46250924,0.2344926,0.1470576
40430092,2020-02-05,0.4308943,0.20455046,0.14087482
40430092,2020-03-11,0.34764823,0.20219636,0.10279065
40430092,2020-03-16,0.39962333,0.19435793,0.10844623
40430092,2020-03-21,0.34074074,0.22585924,0.11034065
40430092,2020-04-05,0.4136201,0.21244477,0.11241428
40430092,2020-04-10,0.3998604,0.2164551,0.11727904
40430092,2020-04-15,0.46502632,0.24284141,0.1515417
40430092,2020-04-25,0.63048655,0.35210735,0.31417716
40430092,2020-05-25,0.4610367,0.6112325,0.42707697
40430092,2020-05-30,0.8559078,0.82974136,1.3325378
40430092,2020-06-29,0.84651166,0.7172414,1.5477076
40430092,2020-07-04,0.89083827,0.66854405,1.482492
40430092,2020-07-09,0.88631266,0.66793174,1.447524
40430092,2020-07-14,0.8917919,0.7194553,1.3768666
40430092,2020-07-19,0.8706135,0.7148738,1.3893865
40430092,2020-07-29,0.85574114,0.6344369,1.2561271
40430092,2020-08-08,0.86464155,0.634756,1.1931297
40430092,2020-08-13,0.7836962,0.6847154,1.0651662
40430092,2020-09-12,0.8769883,0.63228714,0.9434515
40430092,2020-11-01,0.3985139,0.208393,0.122843735
40430092,2020-11-06,0.4900528,0.23250888,0.13024354
40430092,2020-11-21,0.47004423,0.2132511,0.1478612
40430092,2020-11-26,0.47463626,0.22889328,0.14642487
40430092,2021-02-24,0.36380482,0.22150351,0.11542535
40430092,2021-03-01,0.44619206,0.20353448,0.13555469
40430092,2021-03-26,0.4060177,0.2297216,0.11251505
40430092,2021-03-31,0.44128373,0.23198743,0.11642788
40430092,2021-04-05,0.36418733,0.1468889,0.081810005
40430092,2021-04-25,0.43416986,0.24155608,0.13506778
40430092,2021-05-10,0.50877196,0.2733786,0.20509367
40430092,2021-05-20,0.7179948,0.66588867,0.6958134
40430092,2021-06-04,0.7684992,0.66374165,0.8907633
40430092,2021-06-09,0.86924565,0.8032172,1.6559031
40430092,2021-06-14,0.9112016,0.79821587,1.7871566
40430092,2021-06-19,0.8588787,0.7385343,1.6165222
40430092,2021-06-24,0.8490566,0.7501686,1.5894995
40430092,2021-06-29,0.87483585,0.7163591,1.687467
40430092,2021-07-09,0.89790297,0.7766013,1.8590356
40430092,2021-07-14,0.85002595,0.67164177,1.7954437
40430092,2021-07-19,0.87472993,0.74175817,1.7112185
40430092,2021-07-29,0.87965345,0.7086807,1.6023418
40430092,2021-08-18,0.90019196,0.6869027,1.5410645
40430092,2021-09-02,0.903086,0.6699588,1.4804988
40430092,2021-09-07,0.887358,0.6782072,1.4481282
40430092,2021-09-12,0.87860477,0.6174007,1.2752401
40430092,2021-10-17,0.82619417,0.49620584,0.4933019
40430092,2021-11-11,0.3743099,0.20381577,0.1057683
40430092,2021-12-31,0.4336735,0.28521103,0.16471452
40430153,2017-02-20,0.45516765,0.14141715,0.068981625
40430153,2017-03-12,0.4393251,0.13686721,0.07303621
40430153,2017-04-01,0.3989189,0.1472466,0.076956354
40430153,2017-04-11,0.4665153,0.1729143,0.105634
40430153,2017-04-21,0.60464114,0.2745473,0.1714424
40430153,2017-05-21,0.86978704,0.53288484,0.878293
40430153,2017-05-31,0.8583465,0.5764606,1.1416377
40430153,2017-06-10,0.8409458,0.5751773,1.136576
40430153,2017-06-20,0.8326648,0.5700275,1.1099043
40430153,2017-07-05,0.8270303,0.5434472,0.9275712
40430153,2017-07-20,0.8356563,0.55996585,0.9589147
40430153,2017-07-25,0.88322586,0.5193475,0.9836572
40430153,2017-07-30,0.77905524,0.6253511,0.84917676
40430153,2017-08-04,0.79884696,0.50052184,0.79956526
40430153,2017-08-09,0.5659595,0.3501599,0.63335454
40430153,2017-08-24,0.84389853,0.43848816,0.6923666
40430153,2017-09-28,0.7979798,0.370863,0.37645715
40430153,2017-10-13,0.5704358,0.18465503,0.100888304
40430153,2017-10-18,0.5691351,0.22780034,0.12042463
40430153,2018-01-21,0.59783447,0.16204771,0.093375266
40430153,2018-04-06,0.36536798,0.16076191,0.1286314
40430153,2018-04-21,0.4951701,0.2359699,0.16038738
40430153,2018-04-26,0.6569733,0.45924082,0.4265181
40430153,2018-05-26,0.8557263,0.6612267,1.0727344
40430153,2018-05-31,0.82704246,0.6317057,1.1992315
40430153,2018-06-10,0.85269403,0.6455355,1.2289305
40430153,2018-06-15,0.88310796,0.67772466,1.5861363
40430153,2018-06-20,0.870386,0.5854149,1.2314795
40430153,2018-07-05,0.8498064,0.62226,1.2619817
40430153,2018-07-10,0.8457244,0.63614154,1.1066841
40430153,2018-07-20,0.75737846,0.6906515,1.031181
40430153,2018-07-25,0.8633612,0.5711725,1.1736888
40430153,2018-07-30,0.86303,0.5641255,1.0263152
40430153,2018-08-04,0.81822914,0.60679793,0.9814516
40430153,2018-08-09,0.8520208,0.5117262,0.90613943
40430153,2018-08-19,0.8387597,0.53585577,0.86766016
40430153,2018-08-29,0.82752407,0.5489118,0.7774043
40430153,2018-09-08,0.8488479,0.5435766,0.78952664
40430153,2018-09-18,0.79508936,0.563892,0.65747
40430153,2018-09-28,0.8847807,0.45226797,0.5558268
40430153,2018-10-03,0.77550274,0.46401227,0.48631567
40430153,2018-10-13,0.57819223,0.23346981,0.15732303
40430153,2018-10-18,0.45859867,0.24558708,0.13068974
40430153,2018-10-23,0.5907723,0.2332858,0.1436614
40430153,2018-12-27,0.5914163,0.161245,0.085253336
40430153,2019-01-01,0.44103613,0.14738713,0.07232703
40430153,2019-01-06,0.3235294,0.14116783,0.082011744
40430153,2019-02-20,0.31938124,0.1481888,0.07082983
40430153,2019-02-25,0.46180728,0.20156018,0.114207864
40430153,2019-03-02,0.44637004,0.19779994,0.103112616
40430153,2019-04-01,0.41768828,0.18692687,0.09406376
40430153,2019-04-16,0.44234803,0.21579057,0.11455405
40430153,2019-04-21,0.46116108,0.2168647,0.12328556
40430153,2019-05-01,0.7036522,0.40508616,0.30701196
40430153,2019-05-06,0.57443225,0.30729774,0.12326993
40430153,2019-06-20,0.8456123,0.6505087,1.240792
40430153,2019-06-25,0.8557291,0.6424242,1.3410615
40430153,2019-06-30,0.90068066,0.66034603,1.3571563
40430153,2019-07-05,0.8346682,0.58273757,1.0281342
40430153,2019-07-10,0.83734936,0.65468246,1.0335479
40430153,2019-07-20,0.8195664,0.5649558,0.87652826
40430153,2019-07-30,0.8087447,0.58955383,0.8814399
40430153,2019-08-04,0.74252194,0.5376938,0.6890242
40430153,2019-08-09,0.8482899,0.50563157,0.7553424
40430153,2019-08-19,0.8030749,0.5174085,0.6734723
40430153,2019-09-13,0.82910115,0.42443877,0.5597285
40430153,2019-10-08,0.73370063,0.32222942,0.30780077
40430153,2019-10-23,0.48589024,0.18933941,0.105048984
40430153,2019-11-22,0.5185185,0.20899421,0.09655642
40430153,2019-12-07,0.54047894,0.19788755,0.099707805
40430153,2020-01-01,0.4758962,0.16647932,0.084084444
40430153,2020-01-06,0.5087248,0.16471098,0.083771065
40430153,2020-01-11,0.58775514,0.19441944,0.09895431
40430153,2020-01-16,0.47106543,0.18447137,0.087410934
40430153,2020-03-16,0.48237666,0.18753427,0.09956328
40430153,2020-03-21,0.36669338,0.20144264,0.091228254
40430153,2020-04-05,0.41967508,0.17914242,0.089966066
40430153,2020-04-10,0.40904894,0.18054368,0.09777387
40430153,2020-04-15,0.45928922,0.19782223,0.11899534
40430153,2020-04-25,0.6615008,0.32088313,0.24202274
40430153,2020-05-25,0.8237885,0.45682684,0.5683847
40430153,2020-05-30,0.8534328,0.6597623,1.0746979
40430153,2020-06-29,0.8433505,0.63469636,1.1634856
40430153,2020-07-04,0.9008646,0.5884789,1.1894047
40430153,2020-07-09,0.88781863,0.6109162,1.1751562
40430153,2020-07-14,0.86583036,0.60397965,1.1202319
40430153,2020-07-19,0.8864991,0.68003815,1.1570222
40430153,2020-07-29,0.8636912,0.58456135,1.0162086
40430153,2020-08-08,0.8445297,0.5398331,0.8458691
40430153,2020-08-13,0.7956247,0.57720417,0.8488402
40430153,2020-09-12,0.84935063,0.52007955,0.68436575
40430153,2020-11-01,0.3984375,0.18108384,0.080362745
40430153,2020-11-06,0.5995462,0.21914911,0.119677484
40430153,2020-11-21,0.5880842,0.22782443,0.11242614
40430153,2020-11-26,0.5651091,0.19367926,0.10405469
40430153,2021-02-24,0.3981763,0.20939898,0.107894
40430153,2021-03-01,0.50971127,0.19246781,0.1344066
40430153,2021-03-26,0.44490552,0.20043203,0.10827273
40430153,2021-03-31,0.4479964,0.1933766,0.11690568
40430153,2021-04-05,0.43456203,0.2502044,0.12267455
40430153,2021-04-25,0.4670464,0.22368574,0.12893076
40430153,2021-05-10,0.57964253,0.291828,0.20443597
40430153,2021-06-04,0.757005,0.6468325,0.81018794
40430153,2021-06-09,0.85201377,0.56627655,0.93974197
40430153,2021-06-14,0.9057254,0.72990406,1.4706497
40430153,2021-06-19,0.8423948,0.7131676,1.2809858
40430153,2021-06-24,0.83185637,0.6899216,1.2578733
40430153,2021-06-29,0.87004757,0.7020717,1.3897926
40430153,2021-07-09,0.73020184,0.70346683,1.0360173
40430153,2021-07-19,0.87797254,0.69312745,1.4254668
40430153,2021-07-29,0.8846876,0.63643026,1.3071787
40430153,2021-08-18,0.8823529,0.61078763,1.1440202
40430153,2021-09-02,0.8976009,0.6063002,1.043573
40430153,2021-09-07,0.87746173,0.6148657,1.0395354
40430153,2021-09-12,0.88541347,0.57855755,0.9026749
40430153,2021-10-17,0.7764566,0.37686118,0.33246914
40430153,2021-10-27,0.6230769,0.2856583,0.14165741
40430153,2021-11-11,0.5061874,0.19204974,0.094789915
40431933,2017-01-01,0.6941613,0.15739924,0.10877379
40431933,2017-02-20,0.45535144,0.15762012,0.10111193
40431933,2017-03-12,0.5008706,0.16835083,0.10895203
40431933,2017-04-01,0.46539617,0.1845077,0.11771846
40431933,2017-04-21,0.5240033,0.23758578,0.16853195
40431933,2017-05-21,0.9087221,0.6340445,0.91294044
40431933,2017-05-31,0.9056883,0.71328646,1.460783
40431933,2017-06-10,0.9361286,0.7776294,1.7329236
40431933,2017-06-20,0.8972024,0.75639004,1.6752027
40431933,2017-07-05,0.8948427,0.6963587,1.4060221
40431933,2017-07-15,0.8978637,0.79772234,1.7984471
40431933,2017-07-20,0.8756912,0.7032721,1.4223671
40431933,2017-07-25,0.9406758,0.6698134,1.525599
40431933,2017-08-04,0.86838347,0.6876109,1.3034271
40431933,2017-08-09,0.8548237,0.66923267,1.2926137
40431933,2017-08-24,0.8766604,0.5467672,0.9910869
40431933,2017-09-28,0.8360656,0.46930715,0.56335896
40431933,2017-10-13,0.66081876,0.26098,0.14519899
40431933,2017-10-18,0.56973755,0.22028974,0.14326951
40431933,2018-01-21,0.5242604,0.18803059,0.1247717
40431933,2018-04-06,0.51423,0.25071278,0.1379975
40431933,2018-04-21,0.54709417,0.27531263,0.16590722
40431933,2018-04-26,0.4786297,0.30838767,0.24448237
40431933,2018-05-21,0.87530994,0.94630826,1.5535249
40431933,2018-05-26,0.8519862,0.7840626,1.3541038
40431933,2018-05-31,0.86524826,0.7300761,1.4982709
40431933,2018-06-10,0.8905837,0.7750717,1.750245
40431933,2018-06-20,0.9080412,0.7602123,1.8332145
40431933,2018-06-30,0.89005065,0.87952006,2.120404
40431933,2018-07-05,0.88643795,0.7713636,1.6559166
40431933,2018-07-10,0.8514195,0.62351847,1.1167537
40431933,2018-07-20,0.66975945,0.661575,0.9677822
40431933,2018-07-25,0.875303,0.7024896,1.4611272
40431933,2018-07-30,0.8865087,0.70226747,1.5263803
40431933,2018-08-09,0.8977247,0.7240715,1.5528717
40431933,2018-08-14,0.90306246,0.66603833,1.4919859
40431933,2018-08-19,0.86853594,0.70961803,1.2913519
40431933,2018-08-29,0.85168535,0.65332305,1.093585
40431933,2018-09-08,0.8494524,0.6691266,1.2582258
40431933,2018-09-18,0.82046944,0.6847462,0.95149237
40431933,2018-09-28,0.9081945,0.5738656,0.8983739
40431933,2018-10-03,0.77716047,0.5242557,0.6414574
40431933,2018-10-13,0.6775068,0.30778068,0.21899508
40431933,2018-10-23,0.61668324,0.24236038,0.17348047
40431933,2018-12-27,0.6128609,0.19890963,0.10714324
40431933,2019-01-01,0.5022831,0.18395418,0.12555893
40431933,2019-02-15,0.5171121,0.2262471,0.12619083
40431933,2019-02-20,0.41792879,0.20257132,0.12901214
40431933,2019-02-25,0.5661479,0.23865175,0.14076358
40431933,2019-03-02,0.47337854,0.20535864,0.13197742
40431933,2019-04-01,0.47393554,0.23379529,0.1349458
40431933,2019-04-16,0.49655166,0.26065966,0.15019487
40431933,2019-04-21,0.5038759,0.25135344,0.164421
40431933,2019-05-01,0.5385666,0.30080062,0.20178857
40431933,2019-06-10,0.76623833,0.7769884,1.1744251
40431933,2019-06-20,0.8753652,0.8137219,1.664192
40431933,2019-06-25,0.8954895,0.87690324,1.973967
40431933,2019-06-30,0.9122571,0.81323546,1.84625
40431933,2019-07-05,0.88489205,0.7836743,1.7638991
40431933,2019-07-10,0.78793514,0.6176826,1.2896097
40431933,2019-07-20,0.8595578,0.7433091,1.2926978
40431933,2019-07-25,0.86380523,0.80726653,1.5063679
40431933,2019-07-30,0.8589141,0.763559,1.4575838
40431933,2019-08-04,0.8045879,0.73808503,1.1303867
40431933,2019-08-09,0.8964633,0.6512996,1.3836952
40431933,2019-08-14,0.86920637,0.76295745,1.4624258
40431933,2019-08-19,0.845056,0.6586422,1.1755732
40431933,2019-09-03,0.88311684,0.71968955,1.1552436
40431933,2019-09-13,0.85627794,0.6150966,0.9382363
40431933,2019-10-08,0.8192394,0.3609304,0.49230805
40431933,2019-10-23,0.58637464,0.24274778,0.12987499
40431933,2019-11-22,0.582756,0.18034114,0.07559574
40431933,2019-12-07,0.5195729,0.1794567,0.12627117
40431933,2020-01-01,0.5002636,0.203788,0.12500373
40431933,2020-01-06,0.5266124,0.1730168,0.12066677
40431933,2020-01-11,0.5586457,0.2007561,0.12540244
40431933,2020-01-16,0.4750706,0.21097045,0.12451659
40431933,2020-02-05,0.5824742,0.19068511,0.12866375
40431933,2020-03-11,0.51860803,0.22734979,0.12635301
40431933,2020-03-16,0.4825442,0.19880208,0.13571087
40431933,2020-04-05,0.47202656,0.22013064,0.13149217
40431933,2020-04-10,0.4735506,0.23009539,0.12906496
40431933,2020-04-15,0.46360764,0.22395475,0.1344082
40431933,2020-04-25,0.48020387,0.22985704,0.16524558
40431933,2020-05-30,0.8741149,0.83383363,1.2448181
40431933,2020-06-29,0.87112564,0.79559,1.4306841
40431933,2020-07-04,0.8868697,0.6403859,1.2327207
40431933,2020-07-09,0.9023884,0.7765863,1.5748496
40431933,2020-07-14,0.8861933,0.72834724,1.4248308
40431933,2020-07-19,0.901107,0.88398194,1.7267437
40431933,2020-07-29,0.88920635,0.7592537,1.4104359
40431933,2020-08-08,0.8832952,0.7458937,1.2853434
40431933,2020-08-13,0.8266604,0.69034696,1.077981
40431933,2020-08-28,0.8626336,0.7672236,1.210121
40431933,2020-09-12,0.88058007,0.6143866,0.9640946
40431933,2020-09-17,0.7867996,0.675527,0.9276131
40431933,2020-11-01,0.43277484,0.2253767,0.11915823
40431933,2020-11-06,0.63603604,0.2239374,0.1325745
40431933,2020-11-21,0.6094092,0.23441774,0.15647998
40431933,2020-11-26,0.6106731,0.21445608,0.1272916
40431933,2021-02-24,0.45113367,0.22987132,0.12544633
40431933,2021-03-01,0.5373208,0.22187294,0.15352893
40431933,2021-03-26,0.54207605,0.25874728,0.15067661
40431933,2021-03-31,0.45626476,0.22709446,0.14575152
40431933,2021-04-05,0.4857545,0.277521,0.15542987
40431933,2021-04-25,0.46018323,0.2494175,0.153681
40431933,2021-05-05,0.43219027,0.2873988,0.16539608
40431933,2021-05-10,0.46039605,0.24326447,0.17372723
40431933,2021-06-04,0.7948819,0.79456913,0.95501584
40431933,2021-06-09,0.8700545,0.866751,1.4653832
40431933,2021-06-14,0.902176,0.8240695,1.6529652
40431933,2021-06-19,0.86312896,0.8322159,1.6327168
40431933,2021-06-24,0.8579534,0.7918878,1.5725408
40431933,2021-06-29,0.8868671,0.79752415,1.7220163
40431933,2021-07-09,0.8232759,0.35269138,0.6348089
40431933,2021-07-14,0.8864956,0.87298954,1.7756041
40431933,2021-07-19,0.8786561,0.78969806,1.6272161
40431933,2021-07-29,0.895985,0.7849749,1.643545
40431933,2021-08-18,0.89925456,0.7302176,1.5189798
40431933,2021-09-02,0.91016877,0.7349854,1.4962552
40431933,2021-09-07,0.8913624,0.7281589,1.4072683
40431933,2021-09-12,0.8745482,0.6554966,1.257717
40431933,2021-10-17,0.41043192,0.7685168,0.35067216
40431933,2021-10-27,0.66392696,0.28200155,0.21565858
40431933,2021-11-11,0.58088857,0.29562324,0.16211377
40431933,2021-12-31,0.66719496,0.27026448,0.19226797
40433773,2017-03-12,0.45355782,0.16022566,0.07928554
40433773,2017-04-01,0.45668936,0.19206563,0.10219516
40433773,2017-04-11,0.59127223,0.3445188,0.2693737
40433773,2017-04-21,0.6510882,0.33908066,0.25562772
40433773,2017-05-21,0.8668806,0.57587814,0.82198596
40433773,2017-05-31,0.87941176,0.6215139,1.1414552
40433773,2017-06-10,0.86650664,0.6502703,1.2836108
40433773,2017-06-20,0.85032594,0.62114286,1.0708315
40433773,2017-07-05,0.8476645,0.5751605,0.95618784
40433773,2017-07-15,0.7029788,0.6843414,0.78338796
40433773,2017-07-20,0.85610354,0.6068304,0.9024348
40433773,2017-07-25,0.8869457,0.54190207,0.9237546
40433773,2017-07-30,0.8427058,0.7210349,1.3402065
40433773,2017-08-04,0.8013322,0.5392501,0.80889297
40433773,2017-08-09,0.70222014,0.5539059,0.6795793
40433773,2017-08-24,0.83829194,0.47597277,0.64607143
40433773,2017-08-29,0.82899624,0.6159087,0.91092217
40433773,2017-09-28,0.78728324,0.39198005,0.3849892
40433773,2017-10-13,0.5560975,0.18218137,0.091430806
40433773,2017-10-18,0.5368531,0.20826572,0.10791966
40433773,2018-04-06,0.3928571,0.2014283,0.114245765
40433773,2018-04-21,0.5739861,0.3102413,0.216611
40433773,2018-04-26,0.67614454,0.57570785,0.51756305
40433773,2018-05-26,0.86320955,0.76522124,1.399056
40433773,2018-05-31,0.8416886,0.681357,1.3584375
40433773,2018-06-10,0.87386966,0.67876816,1.3992001
40433773,2018-06-15,0.88955426,0.70200926,1.5346656
40433773,2018-06-20,0.88459635,0.6578027,1.388197
40433773,2018-07-05,0.8804179,0.7131027,1.4192988
40433773,2018-07-10,0.852309,0.7362674,1.3847476
40433773,2018-07-20,0.8431616,0.7344724,1.3106147
40433773,2018-07-25,0.8685446,0.6422672,1.1409677
40433773,2018-07-30,0.8745014,0.6218096,1.2050819
40433773,2018-08-04,0.3930104,0.44812635,0.455056
40433773,2018-08-09,0.8649085,0.60454446,1.0512067
40433773,2018-08-14,0.6959041,0.6389653,0.7876348
40433773,2018-08-19,0.84330016,0.5819863,0.94989085
40433773,2018-08-29,0.8287461,0.6065353,0.83470684
40433773,2018-09-08,0.84857315,0.56226605,0.7702481
40433773,2018-09-18,0.83016115,0.5744681,0.76858854
40433773,2018-09-28,0.874562,0.52684903,0.6487603
40433773,2018-10-03,0.77453023,0.5248374,0.48069215
40433773,2018-10-13,0.60989237,0.29014385,0.14158194
40433773,2018-10-23,0.56028366,0.2434327,0.12158755
40433773,2019-02-25,0.41228455,0.2016338,0.10037363
40433773,2019-03-02,0.43658635,0.20950249,0.11589895
40433773,2019-04-01,0.41782033,0.2178903,0.1190886
40433773,2019-04-16,0.47434995,0.2582546,0.14937794
40433773,2019-04-21,0.5276382,0.2873039,0.18890865
40433773,2019-05-01,0.69993836,0.44293684,0.37361324
40433773,2019-06-20,0.85247886,0.66875356,1.2570435
40433773,2019-06-30,0.898263,0.6665439,1.3947266
40433773,2019-07-05,0.86564106,0.65808964,1.2697458
40433773,2019-07-10,0.8377712,0.66181046,1.1531148
40433773,2019-07-20,0.83840626,0.59838855,1.0095468
40433773,2019-07-25,0.82279086,0.6963914,1.0686408
40433773,2019-08-04,0.78406984,0.61262035,0.8508692
40433773,2019-08-09,0.8722891,0.5608056,0.9551779
40433773,2019-08-14,0.7435216,0.6573331,0.8390078
40433773,2019-08-19,0.8216812,0.58384615,0.83579427
40433773,2019-09-03,0.8501567,0.55871445,0.7687784
40433773,2019-09-13,0.80381256,0.42359045,0.54868007
40433773,2019-10-08,0.81356674,0.36972952,0.3155642
40433773,2019-10-23,0.4918114,0.20942518,0.10834646
40433773,2019-12-07,0.5151807,0.22547983,0.1328085
40433773,2020-01-01,0.47190535,0.24746332,0.11420828
40433773,2020-01-06,0.49999997,0.21708128,0.11460468
40433773,2020-01-11,0.52636623,0.23631197,0.117395006
40433773,2020-01-16,0.41623348,0.20478418,0.10177832
40433773,2020-02-05,0.42097026,0.11537142,0.07589965
40433773,2020-03-16,0.4515021,0.20141682,0.103231
40433773,2020-04-05,0.42290077,0.20341472,0.10736295
40433773,2020-04-10,0.44006374,0.21656476,0.11771219
40433773,2020-04-15,0.49397597,0.24371219,0.13914183
40433773,2020-04-25,0.6666667,0.3536375,0.28974763
40433773,2020-05-25,0.85852784,0.8627097,1.4412549
40433773,2020-05-30,0.8650112,0.7424918,1.2534645
40433773,2020-06-29,0.862069,0.71985435,1.3428642
40433773,2020-07-04,0.89994353,0.5915797,1.2433031
40433773,2020-07-09,0.89607686,0.6611586,1.3324457
40433773,2020-07-14,0.8818088,0.64537966,1.208547
40433773,2020-07-19,0.88224083,0.7158608,1.2677995
40433773,2020-07-29,0.87974685,0.6503178,1.1567986
40433773,2020-08-08,0.87044764,0.62597466,1.0274433
40433773,2020-08-13,0.81576246,0.63427633,0.96680784
40433773,2020-09-12,0.8534483,0.4565272,0.5417724
40433773,2020-11-01,0.38411218,0.1816976,0.07421229
40433773,2020-11-06,0.53945947,0.20948783,0.10708439
40433773,2020-11-21,0.49901226,0.23526563,0.11577694
40433773,2020-11-26,0.5110684,0.21770325,0.11151135
40433773,2021-02-24,0.37275743,0.21581072,0.110469565
40433773,2021-03-01,0.49333334,0.21284755,0.12008993
40433773,2021-03-26,0.44671202,0.22918525,0.11516711
40433773,2021-03-31,0.42910445,0.21241225,0.11782896
40433773,2021-04-05,0.43424147,0.24089414,0.12678261
40433773,2021-04-25,0.46356484,0.25378335,0.15055972
40433773,2021-05-05,0.4702567,0.307686,0.17969947
40433773,2021-05-10,0.52443427,0.2915436,0.21870522
40433773,2021-06-04,0.786034,0.7015301,0.87606674
40433773,2021-06-09,0.8757178,0.7857353,1.4165896
40433773,2021-06-14,0.908046,0.75520265,1.6502998
40433773,2021-06-19,0.85644567,0.76246333,1.4709479
40433773,2021-06-24,0.8560036,0.726507,1.4656521
40433773,2021-06-29,0.87233114,0.72248966,1.4752446
40433773,2021-07-14,0.8865458,0.7944367,1.6270026
40433773,2021-07-19,0.87704176,0.71246916,1.5282446
40433773,2021-07-29,0.8863368,0.703545,1.4312187
40433773,2021-08-18,0.8876008,0.65989655,1.3178736
40433773,2021-09-02,0.9076212,0.6702925,1.3274655
40433773,2021-09-07,0.88869303,0.6600703,1.1843909
40433773,2021-09-12,0.8802235,0.6385648,1.1236658
40433773,2021-10-27,0.6302976,0.2624761,0.09333749
40433773,2021-11-11,0.4939502,0.28683615,0.13622731
40438652,2017-03-12,0.46138608,0.14008014,0.077178724
40438652,2017-04-01,0.4100503,0.16009419,0.09303977
40438652,2017-04-11,0.48821738,0.3083631,0.22707377
40438652,2017-04-21,0.58494335,0.32393742,0.23913941
40438652,2017-05-21,0.8526257,0.5460661,0.7785793
40438652,2017-05-31,0.8800664,0.6464587,1.163181
40438652,2017-06-10,0.8611238,0.68868506,1.2632806
40438652,2017-06-20,0.8701618,0.6780179,1.2204862
40438652,2017-07-05,0.84931505,0.6084396,1.0246998
40438652,2017-07-20,0.8487439,0.61339474,1.0525087
40438652,2017-07-25,0.90018153,0.561679,1.0118169
40438652,2017-07-30,0.7597076,0.6580665,0.99431366
40438652,2017-08-04,0.816273,0.59865254,0.93427485
40438652,2017-08-09,0.8306416,1.0340143,1.0097059
40438652,2017-08-24,0.837201,0.47037342,0.6808526
40438652,2017-09-28,0.81300163,0.39540964,0.39134094
40438652,2017-10-13,0.53694576,0.1554478,0.085519046
40438652,2017-10-18,0.59499764,0.25340056,0.12821685
40438652,2018-04-06,0.4455027,0.22666906,0.13395654
40438652,2018-04-11,0.16811463,0.17017931,0.14256811
40438652,2018-04-21,0.51515156,0.28904006,0.22362593
40438652,2018-04-26,0.6300473,0.54569966,0.48465556
40438652,2018-05-26,0.8362928,0.6999928,1.3709993
40438652,2018-05-31,0.8372044,0.70308864,1.3665879
40438652,2018-06-10,0.8563141,0.7124824,1.4255997
40438652,2018-06-15,0.8886528,0.7236045,1.6124064
40438652,2018-06-20,0.88836765,0.6886521,1.4375064
40438652,2018-07-05,0.8670546,0.70677954,1.4140548
40438652,2018-07-10,0.8546201,0.75248593,1.479725
40438652,2018-07-20,0.81043,0.7884992,1.2936891
40438652,2018-07-25,0.86766845,0.6512169,1.1968534
40438652,2018-07-30,0.8727708,0.62257916,1.1988192
40438652,2018-08-04,0.81760085,0.6162455,1.0794531
40438652,2018-08-09,0.85884255,0.60137844,1.0931598
40438652,2018-08-19,0.8367008,0.5719746,0.9554717
40438652,2018-08-29,0.82222223,0.5930209,0.8540428
40438652,2018-09-08,0.84867865,0.5791571,0.8097989
40438652,2018-09-18,0.83215266,0.6256915,0.74724376
40438652,2018-09-28,0.8862961,0.46424288,0.5905949
40438652,2018-10-03,0.7538054,0.48203477,0.44179317
40438652,2018-10-13,0.58419096,0.26033828,0.15063749
40438652,2018-10-23,0.5892532,0.25153565,0.1273423
40438652,2019-03-02,0.45128205,0.21791169,0.11215129
40438652,2019-04-01,0.41785342,0.22034581,0.12149433
40438652,2019-04-16,0.42573625,0.24617776,0.13355753
40438652,2019-04-21,0.4695481,0.26069885,0.16332121
40438652,2019-05-01,0.6078315,0.3862103,0.31890488
40438652,2019-05-06,0.51152945,0.22044213,0.10536506
40438652,2019-06-20,0.8481383,0.6641131,1.3006755
40438652,2019-06-25,0.876417,0.74740314,1.4713287
40438652,2019-06-30,0.89090014,0.662524,1.4409096
40438652,2019-07-05,0.8551505,0.67551893,1.1657368
40438652,2019-07-10,0.81481475,0.6316797,1.0004827
40438652,2019-07-20,0.823971,0.61647815,0.9395895
40438652,2019-07-30,0.8141153,0.6674001,0.9755226
40438652,2019-08-04,0.78268504,0.62921125,0.8313763
40438652,2019-08-09,0.85159457,0.5241168,0.88223463
40438652,2019-08-19,0.7985569,0.57075083,0.7715051
40438652,2019-09-03,0.6112067,0.4425582,0.50364345
40438652,2019-09-13,0.84040874,0.43968248,0.5932617
40438652,2019-10-08,0.72184867,0.3397943,0.28764418
40438652,2019-10-23,0.50781643,0.2198114,0.11254424
40438652,2019-12-07,0.45349672,0.14244305,0.057804327
40438652,2020-01-01,0.4760297,0.17544296,0.063443914
40438652,2020-01-06,0.34243014,0.104758866,0.030121725
40438652,2020-01-11,0.5033658,0.15699358,0.061778117
40438652,2020-01-16,0.50650764,0.21687642,0.09451174
40438652,2020-02-05,0.38511795,0.19450042,0.12325287
40438652,2020-03-16,0.4900139,0.21243607,0.12218166
40438652,2020-04-05,0.4190774,0.20445529,0.1106851
40438652,2020-04-10,0.41591644,0.22123046,0.11344794
40438652,2020-04-15,0.4348739,0.22208712,0.14176387
40438652,2020-04-25,0.55797094,0.310518,0.2552564
40438652,2020-05-25,0.83375686,0.5123802,0.58354425
40438652,2020-05-30,0.8593115,0.76279235,1.1533947
40438652,2020-06-29,0.8407757,0.6620986,1.4325005
40438652,2020-07-04,0.9115308,0.6715981,1.4093277
40438652,2020-07-09,0.88646495,0.67464054,1.363285
40438652,2020-07-14,0.9028047,0.69194275,1.330706
40438652,2020-07-19,0.88243455,0.7386099,1.3564718
40438652,2020-07-29,0.8784588,0.6794272,1.2411441
40438652,2020-08-08,0.8529082,0.6163608,1.0885278
40438652,2020-08-13,0.8053465,0.6440164,0.9451185
40438652,2020-09-12,0.85005283,0.49201366,0.81071407
40438652,2020-11-01,0.3841962,0.16448903,0.066022456
40438652,2020-11-06,0.59054136,0.20555362,0.1038168
40438652,2020-11-21,0.5981971,0.19040006,0.0941848
40438652,2020-11-26,0.5708029,0.17149125,0.07132522
40438652,2021-02-24,0.37139308,0.22486474,0.123290725
40438652,2021-03-01,0.50909084,0.21926388,0.13522491
40438652,2021-03-31,0.42354536,0.22099061,0.135593
40438652,2021-04-05,0.32773113,0.28878197,0.18255013
40438652,2021-04-25,0.43175158,0.25979975,0.15406069
40438652,2021-05-10,0.5,0.31366956,0.22772609
40438652,2021-06-04,0.77292794,0.6395845,0.78748035
40438652,2021-06-09,0.8561522,0.789541,1.4101491
40438652,2021-06-14,0.9085353,0.7858184,1.5958683
40438652,2021-06-19,0.8393226,0.7499816,1.4415829
40438652,2021-06-24,0.83603823,0.7400449,1.4443114
40438652,2021-06-29,0.8680465,0.7189029,1.5872469
40438652,2021-07-09,0.89189184,0.8091173,1.82403
40438652,2021-07-19,0.8745705,0.7385642,1.5860407
40438652,2021-07-29,0.8870788,0.7302422,1.5303407
40438652,2021-08-18,0.88642097,0.6534196,1.3367087
40438652,2021-09-02,0.9032429,0.64936554,1.3463901
40438652,2021-09-07,0.8849383,0.6758439,1.2688158
40438652,2021-09-12,0.8850637,0.63662595,1.1093938
40438652,2021-10-17,0.76096916,0.43671075,0.33216152
40438652,2021-10-27,0.606615,0.31715664,0.1709625
40438652,2021-11-11,0.4224599,0.12713812,0.071053475
40453220,2017-03-12,0.5258358,0.1689453,0.06989787
40453220,2017-04-01,0.4730042,0.1970472,0.07656278
40453220,2017-04-11,0.39130434,0.23857057,0.12729271
40453220,2017-04-21,0.56628245,0.2945806,0.17282142
40453220,2017-05-21,0.7091016,0.4254759,0.4477605
40453220,2017-05-31,0.75866634,0.4997734,0.66912353
40453220,2017-06-10,0.79008013,0.6011283,0.7710968
40453220,2017-06-20,0.7907292,0.56057346,0.7491918
40453220,2017-07-05,0.7929264,0.5523106,0.7233701
40453220,2017-07-20,0.8275034,0.5813168,0.8090218
40453220,2017-07-25,0.8391008,0.53625435,0.7416097
40453220,2017-08-04,0.78472024,0.5397117,0.74306786
40453220,2017-08-09,0.74778163,0.518495,0.6880604
40453220,2017-08-24,0.8307856,0.47238842,0.6055673
40453220,2017-09-28,0.7903495,0.37859166,0.30385867
40453220,2017-10-13,0.6067606,0.2156588,0.106197156
40453220,2017-10-18,0.6901226,0.23537959,0.11616668
40453220,2018-04-06,0.45415777,0.2010572,0.08921111
40453220,2018-04-21,0.55698377,0.26597923,0.19805506
40453220,2018-04-26,0.56478316,0.43607953,0.33315787
40453220,2018-05-21,0.82444066,0.7665908,1.1603795
40453220,2018-05-26,0.82267374,0.6584248,0.92193353
40453220,2018-05-31,0.81009036,0.6632874,1.0699909
40453220,2018-06-10,0.82911825,0.6526652,1.0887724
40453220,2018-06-15,0.84800345,0.6866938,1.1751953
40453220,2018-06-20,0.8652068,0.65596753,1.1897467
40453220,2018-07-05,0.8380165,0.6526296,1.1087894
40453220,2018-07-10,0.8262176,0.7030708,1.1665862
40453220,2018-07-20,0.80240315,0.67697966,1.0808644
40453220,2018-07-30,0.8392147,0.5977398,0.95969623
40453220,2018-08-09,0.84364814,0.5825024,0.86036146
40453220,2018-08-19,0.8260385,0.5783946,0.77892625
40453220,2018-08-29,0.8112427,0.5435084,0.7494999
40453220,2018-09-08,0.84022206,0.53278047,0.7224183
40453220,2018-09-18,0.7995366,0.56745756,0.61633855
40453220,2018-09-28,0.8416486,0.4993137,0.5110262
40453220,2018-10-03,0.75780976,0.46156147,0.4101429
40453220,2018-10-13,0.6791685,0.29143724,0.14764827
40453220,2018-10-18,0.52120143,0.2551572,0.12669832
40453220,2018-10-23,0.6721312,0.22849241,0.11207435
40453220,2019-01-01,0.6272514,0.18733338,0.067740664
40453220,2019-01-06,0.3117131,0.19632818,0.07576649
40453220,2019-02-25,0.49891543,0.20306364,0.07416942
40453220,2019-03-02,0.4880089,0.18836647,0.078771435
40453220,2019-04-01,0.43894142,0.2228407,0.085458755
40453220,2019-04-16,0.47959182,0.26534396,0.12748758
40453220,2019-04-21,0.514386,0.28122005,0.15074423
40453220,2019-05-01,0.62621045,0.38323256,0.27591178
40453220,2019-05-06,0.6464582,0.1956429,0.20504023
40453220,2019-06-20,0.8357964,0.67363685,1.0915614
40453220,2019-06-30,0.8560975,0.64688534,1.1721389
40453220,2019-07-05,0.86111754,0.70734423,1.1758964
40453220,2019-07-10,0.8221075,0.6796136,1.0279284
40453220,2019-07-20,0.8294411,0.6197553,1.0115498
40453220,2019-08-04,0.8123504,0.6675583,0.97701055
40453220,2019-08-09,0.85968816,0.60397434,0.8856066
40453220,2019-08-19,0.80618215,0.58729255,0.81852454
40453220,2019-09-03,0.8484764,0.6061756,0.8346923
40453220,2019-09-13,0.8222068,0.47271496,0.64713395
40453220,2019-10-08,0.7590988,0.35428295,0.3141776
40453220,2019-10-23,0.5627644,0.17638478,0.11050627
40453220,2019-12-07,0.55693585,0.1247276,0.07092493
40453220,2020-01-01,0.49642858,0.13036342,0.069288306
40453220,2020-01-06,0.49723145,0.098720364,0.06441779
40453220,2020-01-11,0.5858586,0.13500932,0.0763375
40453220,2020-01-16,0.48541802,0.16363716,0.07187054
40453220,2020-02-05,0.63134235,0.21314888,0.084315956
40453220,2020-03-16,0.4501826,0.1725379,0.08950466
40453220,2020-03-21,0.4063444,0.23118904,0.09760564
40453220,2020-04-05,0.39518073,0.18413174,0.086847015
40453220,2020-04-10,0.43704888,0.21680322,0.10526958
40453220,2020-04-15,0.48419052,0.24227983,0.13299483
40453220,2020-04-25,0.5653686,0.30613396,0.21412578
40453220,2020-05-30,0.8274347,0.7074483,0.93671966
40453220,2020-07-04,0.8831967,0.6336372,1.2627275
40453220,2020-07-09,0.8741496,0.67920107,1.2996973
40453220,2020-07-14,0.86269915,0.6759437,1.1279961
40453220,2020-07-19,0.8699562,0.7421614,1.2738575
40453220,2020-07-29,0.8708873,0.6732437,1.1598754
40453220,2020-08-08,0.856807,0.65126723,1.0289245
40453220,2020-08-13,0.79531133,0.6377861,0.9630858
40453220,2020-08-28,0.8203808,0.6641114,1.018711
40453220,2020-09-12,0.84714943,0.543388,0.67207426
40453220,2020-11-01,0.4126606,0.19783679,0.07950495
40453220,2020-11-06,0.5972603,0.18668379,0.09100738
40453220,2020-11-21,0.38490742,0.16253155,0.06460309
40453220,2020-11-26,0.62849873,0.16969725,0.0820018
40453220,2021-02-24,0.42775744,0.21263254,0.10072606
40453220,2021-03-01,0.5753114,0.20741469,0.09489083
40453220,2021-03-26,0.4665618,0.23061368,0.103932686
40453220,2021-03-31,0.41269842,0.1940451,0.09808685
40453220,2021-04-05,0.2947053,0.21266626,0.11447902
40453220,2021-04-25,0.4389575,0.24004202,0.12004799
40453220,2021-05-10,0.46828786,0.26397687,0.18932901
40453220,2021-05-20,0.56373185,0.4866336,0.36485103
40453220,2021-06-04,0.71659106,0.57983434,0.6139584
40453220,2021-06-09,0.81687814,0.59652805,0.8057483
40453220,2021-06-14,0.87999064,0.6996213,1.2415035
40453220,2021-06-19,0.8383838,0.73459285,1.2682443
40453220,2021-06-24,0.8240035,0.7141239,1.2883399
40453220,2021-06-29,0.85346437,0.6772168,1.2749964
40453220,2021-07-09,0.8468517,0.62923753,1.3054028
40453220,2021-07-14,0.8524369,0.8400729,1.555629
40453220,2021-07-19,0.85817933,0.6839887,1.3172266
40453220,2021-07-29,0.8658008,0.6780682,1.218807
40453220,2021-08-18,0.8757411,0.6414759,1.1022767
40453220,2021-09-02,0.8874346,0.6427759,1.0308886
40453220,2021-09-07,0.8660976,0.6193492,0.9380807
40453220,2021-09-12,0.8480775,0.5504606,0.873056
40453220,2021-10-17,0.75164545,0.3475632,0.276582
40453220,2021-10-27,0.7081545,0.24609025,0.14768367
40453220,2021-11-11,0.48180133,0.17584544,0.08292955
40456847,2017-03-12,0.4285714,0.109392114,0.060098875
40456847,2017-04-01,0.3750725,0.13161108,0.0724494
40456847,2017-04-21,0.4280212,0.17837796,0.11006977
40456847,2017-05-21,0.69780403,0.38939896,0.38621604
40456847,2017-05-31,0.80705506,0.5371945,0.8167732
40456847,2017-06-10,0.8220464,0.6450237,0.93109524
40456847,2017-06-20,0.8245231,0.57137465,0.9661921
40456847,2017-07-05,0.81722623,0.5594643,0.88363534
40456847,2017-07-15,0.8146002,0.55498534,0.8810142
40456847,2017-07-20,0.8213639,0.5292014,0.83263487
40456847,2017-07-25,0.84906876,0.5018411,0.8839356
40456847,2017-07-30,0.7242807,0.66553813,0.9037024
40456847,2017-08-04,0.79999995,0.5146853,0.71358013
40456847,2017-08-09,0.75832593,0.4878465,0.6901778
40456847,2017-08-24,0.8031496,0.41880518,0.5998275
40456847,2017-09-28,0.7833174,0.3302745,0.33493948
40456847,2017-10-13,0.53961635,0.13796486,0.06334326
40456847,2017-10-18,0.56055367,0.14596568,0.07110792
40456847,2018-04-06,0.32413796,0.15365756,0.09014966
40456847,2018-04-21,0.4316069,0.1973844,0.10456003
40456847,2018-04-26,0.42640764,0.26532537,0.18220869
40456847,2018-05-21,0.8027848,0.6547642,0.85844344
40456847,2018-05-31,0.8135176,0.6128289,1.0338434
40456847,2018-06-10,0.8332066,0.6122183,1.1121087
40456847,2018-06-15,0.84019613,0.6105076,1.1222805
40456847,2018-06-20,0.84904563,0.5591103,1.084091
40456847,2018-06-30,0.54589176,0.5024826,0.5124481
40456847,2018-07-05,0.3161204,0.42031303,0.38863754
40456847,2018-07-10,0.812407,0.6244517,1.0425137
40456847,2018-07-20,0.7508322,0.64960706,0.9086257
40456847,2018-07-25,0.80936265,0.5385221,0.8781581
40456847,2018-07-30,0.8328116,0.5166453,0.9176655
40456847,2018-08-04,0.7806324,0.5967669,0.87494266
40456847,2018-08-09,0.8145657,0.53489804,0.8611694
40456847,2018-08-14,0.78047377,0.5082004,0.79641986
40456847,2018-08-19,0.7864584,0.47300205,0.7463582
40456847,2018-08-29,0.7967235,0.48948318,0.6957882
40456847,2018-09-28,0.86093557,0.4484,0.604905
40456847,2018-10-03,0.75741243,0.43490753,0.4434727
40456847,2018-10-13,0.57617295,0.21944268,0.13030383
40456847,2018-10-18,0.26844016,0.40305012,0.13581756
40456847,2018-10-23,0.52372885,0.13481675,0.07079479
40456847,2019-03-02,0.3296337,0.13615109,0.071174644
40456847,2019-04-01,0.3685269,0.14923853,0.08709237
40456847,2019-04-16,0.37003615,0.16819134,0.08726164
40456847,2019-04-21,0.38789427,0.1785574,0.10496974
40456847,2019-05-01,0.47263688,0.25712413,0.16436261
40456847,2019-06-20,0.82838607,0.6361337,1.1965413
40456847,2019-06-25,0.72566754,0.63101524,0.98937327
40456847,2019-06-30,0.86964154,0.64008415,1.2658175
40456847,2019-07-05,0.85498655,0.6333865,1.2821203
40456847,2019-07-10,0.8049151,0.62431216,0.9782971
40456847,2019-07-20,0.8244943,0.5983889,0.99903786
40456847,2019-07-25,0.8177965,0.63028127,1.0394564
40456847,2019-07-30,0.8055633,0.5825069,1.0158528
40456847,2019-08-04,0.8276333,0.5960591,0.9766723
40456847,2019-08-09,0.8376811,0.51200783,0.9770105
40456847,2019-08-14,0.82675743,0.39647672,0.7761125
40456847,2019-08-19,0.78802395,0.53506815,0.85540104
40456847,2019-09-03,0.84503126,0.49956864,0.7877853
40456847,2019-09-13,0.86322945,0.4979142,0.7944176
40456847,2019-10-08,0.8218749,0.32583106,0.39375046
40456847,2019-10-23,0.5054645,0.1624018,0.07407085
40456847,2019-12-07,0.49527276,0.15183946,0.075468756
40456847,2020-01-06,0.4524328,0.13704959,0.07074772
40456847,2020-01-11,0.44470966,0.1261054,0.07001556
40456847,2020-01-16,0.35585585,0.13684393,0.06590957
40456847,2020-03-16,0.3872491,0.13961607,0.0794843
40456847,2020-04-05,0.36174154,0.14982927,0.078199565
40456847,2020-04-10,0.36638337,0.16065587,0.08102197
40456847,2020-04-15,0.37907076,0.16957383,0.09808884
40456847,2020-04-25,0.3776075,0.16935237,0.10072324
40456847,2020-05-25,0.75488317,0.43286335,0.4308948
40456847,2020-05-30,0.8145897,0.63329524,0.78730714
40456847,2020-07-04,0.85004747,0.5121607,0.89968944
40456847,2020-07-09,0.85734266,0.59192735,1.0756676
40456847,2020-07-14,0.83716536,0.58652973,0.981467
40456847,2020-07-19,0.8684369,0.5956618,0.78383386
40456847,2020-07-29,0.8372944,0.5505029,0.9544732
40456847,2020-08-08,0.8310132,0.5226402,0.8743026
40456847,2020-08-13,0.78538555,0.5543822,0.805114
40456847,2020-08-28,0.80232924,0.5512781,0.81107223
40456847,2020-09-12,0.7975937,0.45485732,0.65982234
40456847,2020-09-17,0.66114503,0.50765395,0.57039315
40456847,2020-11-01,0.34561798,0.17269257,0.074327275
40456847,2020-11-06,0.49443886,0.115531825,0.06347519
40456847,2020-11-21,0.56025034,0.15114413,0.07326061
40456847,2021-02-24,0.367138,0.16293764,0.08027958
40456847,2021-03-01,0.4805401,0.13068084,0.07745434
40456847,2021-03-26,0.21320307,0.14965951,0.03127454
40456847,2021-03-31,0.40419304,0.16920438,0.09523405
40456847,2021-04-05,0.34915772,0.18113928,0.09810668
40456847,2021-04-25,0.39796716,0.1984715,0.11034238
40456847,2021-05-10,0.41700107,0.21410911,0.14152245
40456847,2021-06-04,0.73951215,0.61663616,0.6543119
40456847,2021-06-09,0.8322133,0.71274734,1.0681827
40456847,2021-06-14,0.87134504,0.69652206,1.2845694
40456847,2021-06-19,0.82557374,0.6946845,1.2503966
40456847,2021-06-24,0.823653,0.6590392,1.1945769
40456847,2021-06-29,0.8302348,0.6289611,1.2240491
40456847,2021-07-14,0.83987004,0.69574744,1.2526029
40456847,2021-07-19,0.8374751,0.6311335,1.1493762
40456847,2021-07-29,0.84635085,0.62737286,1.13259
40456847,2021-08-18,0.83541733,0.56150573,1.0402529
40456847,2021-09-02,0.87782675,0.585046,1.0177499
40456847,2021-09-07,0.85251516,0.6054088,1.0449842
40456847,2021-09-12,0.8432484,0.54922307,0.9234645
40456847,2021-10-17,0.62899494,0.50888103,0.39584854
40456847,2021-10-27,0.58650243,0.21475643,0.095177285
40456847,2021-11-11,0.45132738,0.18402418,0.09189042
40465357,2017-01-01,0.4803207,0.21764977,0.11773701
40465357,2017-02-20,0.40998104,0.21599492,0.11726183
40465357,2017-03-12,0.41556445,0.21933956,0.11735481
40465357,2017-04-01,0.4419629,0.24246714,0.14462245
40465357,2017-04-21,0.60245067,0.32428274,0.24169001
40465357,2017-05-21,0.8788774,0.62732834,0.9794839
40465357,2017-05-31,0.8946417,0.6707689,1.447911
40465357,2017-06-10,0.8430565,0.69405204,1.3681817
40465357,2017-06-20,0.8935058,0.6736578,1.5208147
40465357,2017-07-05,0.8821475,0.74757713,1.5638508
40465357,2017-07-15,0.8907284,0.62357527,1.2344552
40465357,2017-07-20,0.88476515,0.6319751,1.339045
40465357,2017-07-25,0.9211845,0.71360505,1.6648442
40465357,2017-08-04,0.8615803,0.6078431,1.1135887
40465357,2017-08-09,0.86271363,0.5871019,1.0745519
40465357,2017-08-24,0.8795356,0.6624641,1.2353199
40465357,2017-09-28,0.8297558,0.4292716,0.5359694
40465357,2017-10-13,0.5786477,0.2801516,0.16645429
40465357,2017-10-18,0.5238095,0.20299146,0.10783549
40465357,2018-04-06,0.31505346,0.21477439,0.09050072
40465357,2018-04-11,0.36455697,0.24810475,0.13140222
40465357,2018-04-21,0.5452451,0.30344647,0.20697027
40465357,2018-04-26,0.64997154,0.4489347,0.4113239
40465357,2018-05-21,0.9036473,0.79868287,1.5930452
40465357,2018-05-31,0.87880087,0.71682376,1.5677267
40465357,2018-06-10,0.8915332,0.6974579,1.5942745
40465357,2018-06-15,0.9075952,0.70515513,1.7381586
40465357,2018-06-20,0.8978935,0.65753174,1.5882734
40465357,2018-07-05,0.88470167,0.69889426,1.6330417
40465357,2018-07-10,0.8711865,0.7205607,1.5493629
40465357,2018-07-20,0.8730233,0.698029,1.4992061
40465357,2018-07-25,0.88175595,0.6381533,1.42879
40465357,2018-07-30,0.8978336,0.62506986,1.3986504
40465357,2018-08-04,0.8641879,0.6335175,1.3597106
40465357,2018-08-09,0.88749,0.6210866,1.3660399
40465357,2018-08-14,0.88888884,0.58911043,1.2701635
40465357,2018-08-19,0.868988,0.56281775,1.1125146
40465357,2018-08-29,0.87318736,0.60111964,1.0582757
40465357,2018-09-08,0.84733236,0.58301955,0.98408806
40465357,2018-09-28,0.9279462,0.56684494,0.9063617
40465357,2018-10-03,0.83799994,0.5143208,0.6736077
40465357,2018-10-13,0.65119094,0.29451504,0.22239058
40465357,2018-10-18,0.5290859,0.28993204,0.16536276
40465357,2018-10-23,0.5663195,0.23677038,0.13378103
40465357,2018-12-27,0.49596775,0.19405986,0.09415153
40465357,2019-01-01,0.45418128,0.17732854,0.08493838
40465357,2019-01-06,0.48016047,0.20631391,0.101403125
40465357,2019-02-20,0.40964326,0.19542208,0.0953492
40465357,2019-02-25,0.4321199,0.1899473,0.09366491
40465357,2019-03-02,0.4179357,0.18838425,0.09713866
40465357,2019-03-22,0.37825942,0.20389912,0.10584143
40465357,2019-04-01,0.42910308,0.21048597,0.11970623
40465357,2019-04-16,0.48212355,0.25640532,0.15880996
40465357,2019-04-21,0.51820725,0.2771847,0.18163335
40465357,2019-05-01,0.64835876,0.38500133,0.32175404
40465357,2019-06-20,0.88267267,0.713867,1.6179649
40465357,2019-06-30,0.91525024,0.69097024,1.6765635
40465357,2019-07-05,0.89023525,0.70543724,1.5893388
40465357,2019-07-10,0.8770819,0.7165306,1.3741078
40465357,2019-07-20,0.8805497,0.6477953,1.3306129
40465357,2019-07-25,0.8715775,0.69375867,1.4303201
40465357,2019-07-30,0.86849594,0.65219086,1.314185
40465357,2019-08-04,0.8712491,0.6558422,1.3189682
40465357,2019-08-09,0.9071824,0.62196976,1.2432001
40465357,2019-08-14,0.79259807,0.48135123,0.6340427
40465357,2019-08-19,0.8678878,0.6158906,1.0692428
40465357,2019-09-03,0.88231665,0.5735571,1.0740117
40465357,2019-09-13,0.8955026,0.5373442,0.9519592
40465357,2019-10-08,0.84386283,0.37344733,0.387171
40465357,2019-10-23,0.51802045,0.19409063,0.10802923
40465357,2019-11-22,0.5405139,0.22383176,0.116295926
40465357,2019-12-07,0.5202381,0.18231124,0.08813375
40465357,2020-01-01,0.49392012,0.17316984,0.07921397
40465357,2020-01-06,0.5063695,0.19058655,0.09082388
40465357,2020-01-11,0.4940594,0.19916184,0.08948107
40465357,2020-01-16,0.43183815,0.1898465,0.09403313
40465357,2020-02-05,0.4675768,0.20241569,0.07980802
40465357,2020-03-11,0.41488934,0.18983611,0.10118512
40465357,2020-03-16,0.42868096,0.20190708,0.095949315
40465357,2020-03-21,0.3913713,0.1987325,0.10267477
40465357,2020-04-05,0.43714818,0.21235873,0.11023998
40465357,2020-04-10,0.42690516,0.20955,0.1207665
40465357,2020-04-15,0.50741637,0.26463497,0.15282172
40465357,2020-04-25,0.57368976,0.3031486,0.24961142
40465357,2020-05-25,0.75901014,0.5701932,0.67007416
40465357,2020-05-30,0.89345175,0.7631779,1.3670361
40465357,2020-07-04,0.9019891,0.5862186,1.2948248
40465357,2020-07-09,0.9065934,0.67792183,1.5570085
40465357,2020-07-14,0.90327764,0.7199225,1.4229336
40465357,2020-07-19,0.89527935,0.6541907,1.0321498
40465357,2020-07-29,0.8873898,0.64594114,1.342139
40465357,2020-08-08,0.88392377,0.6258924,1.2401056
40465357,2020-08-13,0.8210227,0.49093303,0.86359376
40465357,2020-08-28,0.85581,0.61790645,1.0675578
40465357,2020-09-12,0.8687481,0.57439405,0.8176512
40465357,2020-11-01,0.43854618,0.18667047,0.08320806
40465357,2020-11-06,0.5316658,0.19925804,0.10031782
40465357,2020-11-21,0.47638327,0.23759311,0.10507253
40465357,2020-11-26,0.51931334,0.19572954,0.09478366
40465357,2021-02-24,0.3977813,0.18923405,0.091284454
40465357,2021-03-01,0.45185187,0.1984457,0.104551695
40465357,2021-03-26,0.44661307,0.21662459,0.12243298
40465357,2021-03-31,0.45310247,0.22750324,0.1208666
40465357,2021-04-05,0.46401644,0.24884216,0.12859702
40465357,2021-04-25,0.48401678,0.26908165,0.15653129
40465357,2021-05-05,0.45403904,0.32162592,0.18423527
40465357,2021-05-10,0.55015975,0.31094256,0.23179018
40465357,2021-06-04,0.8186312,0.80833495,1.1798313
40465357,2021-06-09,0.8922018,0.8241817,1.6679386
40465357,2021-06-14,0.92081225,0.80067086,1.7959584
40465357,2021-06-19,0.8739345,0.78090686,1.6784042
40465357,2021-06-24,0.8733148,0.748368,1.6233985
40465357,2021-06-29,0.8920687,0.7617651,1.7254072
40465357,2021-07-14,0.8968564,0.80671996,1.7995677
40465357,2021-07-19,0.8887863,0.7071004,1.5968318
40465357,2021-07-29,0.89829713,0.7048208,1.6175294
40465357,2021-08-18,0.90950924,0.6693255,1.4730864
40465357,2021-09-02,0.91974485,0.64895374,1.4125241
40465357,2021-09-07,0.9045695,0.66556454,1.3159877
40465357,2021-09-12,0.9010544,0.6397804,1.1710593
40465357,2021-10-17,0.82996947,0.49716064,0.4240931
40465357,2021-10-27,0.5880018,0.24455127,0.12849542
40465357,2021-11-11,0.4933456,0.21745288,0.11343214
40474894,2017-01-01,0.58519965,0.21197052,0.15682375
40474894,2017-02-20,0.49394348,0.2047382,0.14835574
40474894,2017-03-12,0.4816026,0.21776907,0.13417535
40474894,2017-04-01,0.44242936,0.19798431,0.14179127
40474894,2017-04-21,0.6869377,0.35100946,0.32493892
40474894,2017-05-21,0.9123584,0.6421987,1.2888
40474894,2017-05-31,0.89992416,0.61792874,1.403326
40474894,2017-06-10,0.88240963,0.7070863,1.4886092
40474894,2017-06-20,0.88658434,0.6427973,1.3504946
40474894,2017-07-05,0.8808638,0.68479145,1.2914355
40474894,2017-07-15,0.8820411,0.5382998,1.0609674
40474894,2017-07-20,0.8786434,0.60893196,1.1866467
40474894,2017-07-25,0.92183554,0.66832405,1.4389871
40474894,2017-08-04,0.862816,0.6006882,1.0619068
40474894,2017-08-09,0.8582635,0.58990854,1.1112709
40474894,2017-08-24,0.8740906,0.6016253,1.0286005
40474894,2017-09-28,0.8482306,0.44400737,0.5799898
40474894,2017-10-13,0.6347826,0.28180146,0.17568775
40474894,2017-10-18,0.55769235,0.23447427,0.14818712
40474894,2018-04-06,0.42918,0.23458418,0.14497423
40474894,2018-04-11,0.36678106,0.24360725,0.14427677
40474894,2018-04-21,0.53161913,0.28062066,0.21550001
40474894,2018-04-26,0.76715386,0.59847724,0.68496764
40474894,2018-05-16,0.77520597,0.79449964,1.1717036
40474894,2018-05-21,0.86983216,0.43803594,0.7778436
40474894,2018-05-26,0.7690614,0.71673685,1.2462106
40474894,2018-05-31,0.8626629,0.66962993,1.396889
40474894,2018-06-10,0.88388973,0.67198765,1.5334738
40474894,2018-06-15,0.9002398,0.66702205,1.6778641
40474894,2018-06-20,0.8936062,0.6440553,1.5091854
40474894,2018-07-05,0.8875088,0.682244,1.5547945
40474894,2018-07-10,0.8611522,0.5786026,1.0899738
40474894,2018-07-20,0.85491526,0.69926065,1.3586117
40474894,2018-07-25,0.8603762,0.53278846,1.0127999
40474894,2018-07-30,0.888442,0.6172219,1.3075278
40474894,2018-08-04,0.85386616,0.6623743,1.29059
40474894,2018-08-09,0.88608277,0.6211157,1.2396743
40474894,2018-08-14,0.85853136,0.5815016,1.1068879
40474894,2018-08-19,0.87039596,0.5956713,1.0765615
40474894,2018-08-24,0.82434446,0.6678961,1.1353128
40474894,2018-08-29,0.86398256,0.6097842,1.0070169
40474894,2018-09-08,0.8888889,0.598069,1.131497
40474894,2018-09-28,0.9033043,0.5277383,0.85556954
40474894,2018-10-03,0.8310282,0.55766284,0.6648801
40474894,2018-10-13,0.6950191,0.34033772,0.25432387
40474894,2018-10-18,0.44320184,0.3104386,0.16714916
40474894,2018-10-23,0.5893833,0.27390802,0.17601848
40474894,2018-12-27,0.5752577,0.22427653,0.1418094
40474894,2019-01-01,0.49407434,0.23304674,0.13095151
40474894,2019-02-15,0.48852736,0.22620152,0.13889238
40474894,2019-02-20,0.47195858,0.2052841,0.12906668
40474894,2019-02-25,0.5394154,0.2383935,0.14920269
40474894,2019-03-02,0.47992703,0.20779017,0.13915242
40474894,2019-03-22,0.42418835,0.2349245,0.13637036
40474894,2019-04-01,0.47880298,0.21816526,0.13889979
40474894,2019-04-16,0.49377918,0.25075027,0.15207745
40474894,2019-04-21,0.5355961,0.25070718,0.18620653
40474894,2019-05-01,0.7726984,0.47390968,0.49879846
40474894,2019-06-10,0.7121119,0.66060054,0.95110434
40474894,2019-06-20,0.8701605,0.6881488,1.5434207
40474894,2019-06-30,0.90525323,0.69007427,1.6742206
40474894,2019-07-05,0.8786702,0.68367195,1.5237594
40474894,2019-07-10,0.8584929,0.6837393,1.3908654
40474894,2019-07-20,0.8650935,0.65045506,1.1986881
40474894,2019-07-25,0.8582181,0.6886006,1.3249084
40474894,2019-07-30,0.85584176,0.64741546,1.2696373
40474894,2019-08-04,0.86683613,0.65659285,1.1656839
40474894,2019-08-09,0.8890243,0.5638051,1.2309551
40474894,2019-08-14,0.7832599,0.7011041,1.1520332
40474894,2019-08-19,0.8532483,0.58661664,1.1166395
40474894,2019-09-03,0.8864009,0.63787144,1.1389732
40474894,2019-09-13,0.90351146,0.5713458,0.99975
40474894,2019-10-08,0.8492099,0.38466257,0.5055299
40474894,2019-10-23,0.5693245,0.22064322,0.13853288
40474894,2019-12-07,0.593369,0.23992585,0.1645894
40474894,2020-01-01,0.52478135,0.2138106,0.13933994
40474894,2020-01-06,0.5692743,0.2335744,0.15292215
40474894,2020-01-11,0.5557604,0.23647058,0.14336392
40474894,2020-01-16,0.46135834,0.23177378,0.1387497
40474894,2020-03-11,0.50985664,0.22706413,0.1515405
40474894,2020-03-16,0.49714786,0.21334685,0.1368104
40474894,2020-03-21,0.42008275,0.22732826,0.12600745
40474894,2020-04-05,0.46984816,0.202923,0.14179087
40474894,2020-04-10,0.47589615,0.2263463,0.13447167
40474894,2020-04-15,0.5139599,0.24401626,0.16597487
40474894,2020-04-25,0.7554496,0.42148066,0.40757892
40474894,2020-05-30,0.87900704,0.7134753,1.4183092
40474894,2020-06-29,0.8505976,0.667918,1.3308766
40474894,2020-07-04,0.89249784,0.59900457,1.2388483
40474894,2020-07-09,0.89088,0.6392739,1.403734
40474894,2020-07-14,0.88285863,0.62808204,1.3764905
40474894,2020-07-19,0.77489173,0.65763015,0.9743992
40474894,2020-07-29,0.8760196,0.62560683,1.2154478
40474894,2020-08-08,0.8757549,0.609634,1.1427156
40474894,2020-08-13,0.8319798,0.5932035,1.0207573
40474894,2020-08-28,0.8472145,0.61930484,1.0350281
40474894,2020-09-12,0.8607756,0.532924,0.90511245
40474894,2020-11-01,0.4361702,0.20022789,0.1036808
40474894,2020-11-06,0.584252,0.22251101,0.14107616
40474894,2020-11-21,0.56138164,0.25548273,0.15433013
40474894,2020-11-26,0.56567794,0.21518373,0.13955007
40474894,2021-02-24,0.44000003,0.2107115,0.12733664
40474894,2021-03-01,0.50752044,0.22170907,0.14117971
40474894,2021-03-26,0.49092442,0.22747722,0.146765
40474894,2021-03-31,0.48726517,0.22292264,0.14700298
40474894,2021-04-05,0.47579694,0.23293002,0.1436179
40474894,2021-04-20,0.43919596,0.3308726,0.21322268
40474894,2021-04-25,0.47138557,0.23452722,0.1544986
40474894,2021-05-05,0.47955632,0.30175513,0.2012346
40474894,2021-05-10,0.6445869,0.3472622,0.32986143
40474894,2021-06-04,0.80992967,0.73903406,1.1285087
40474894,2021-06-09,0.8320825,0.3958231,0.6672978
40474894,2021-06-14,0.9101489,0.72254866,1.6438092
40474894,2021-06-19,0.8589175,0.7109544,1.5104234
40474894,2021-06-24,0.8488182,0.68991095,1.416775
40474894,2021-06-29,0.8797063,0.68350744,1.5455762
40474894,2021-07-14,0.8807829,0.7575468,1.6149478
40474894,2021-07-19,0.88309085,0.66285026,1.5107007
40474894,2021-07-29,0.8892307,0.6544631,1.4741361
40474894,2021-08-18,0.89556706,0.6252374,1.3805
40474894,2021-09-02,0.9098361,0.63891023,1.3230239
40474894,2021-09-07,0.90002614,0.65425,1.2584406
40474894,2021-09-12,0.8853801,0.58716303,1.1329362
40474894,2021-10-17,0.8122226,0.44873244,0.45823207
40474894,2021-10-27,0.6586253,0.27078107,0.1727471
40474894,2021-11-11,0.5248619,0.23979652,0.14924394
40476558,2017-01-01,0.49754137,0.19954105,0.08551283
40476558,2017-02-20,0.4090521,0.17318052,0.085630946
40476558,2017-03-12,0.42214534,0.18044667,0.09825482
40476558,2017-04-01,0.41547278,0.1919005,0.11704435
40476558,2017-04-11,0.25253603,0.15949017,0.1829735
40476558,2017-04-21,0.5826087,0.28373438,0.20496072
40476558,2017-05-21,0.90895224,0.630691,0.965157
40476558,2017-05-31,0.88789135,0.6379677,1.2965946
40476558,2017-06-10,0.9332344,0.7057371,1.6255126
40476558,2017-06-20,0.88350517,0.6615206,1.2878348
40476558,2017-07-05,0.87120295,0.6853374,1.3011351
40476558,2017-07-20,0.86191285,0.57715625,1.0801759
40476558,2017-07-25,0.9181023,0.664438,1.3537935
40476558,2017-08-04,0.8474249,0.5945434,0.92824596
40476558,2017-08-24,0.86977595,0.55823356,0.88033366
40476558,2017-08-29,0.88419116,0.5508054,0.9715119
40476558,2017-09-28,0.8445332,0.44487387,0.5615349
40476558,2017-10-13,0.5829694,0.28020707,0.17978367
40476558,2017-10-18,0.5321696,0.2117904,0.12143076
40476558,2018-01-21,0.5503876,0.17628634,0.09394971
40476558,2018-04-06,0.4340391,0.2064531,0.14107321
40476558,2018-04-11,0.3558458,0.20860568,0.13185951
40476558,2018-04-21,0.50878567,0.25866523,0.18488674
40476558,2018-04-26,0.67836916,0.49211302,0.48309124
40476558,2018-05-26,0.88620204,0.6950281,1.4173536
40476558,2018-05-31,0.8699356,0.7350514,1.5350797
40476558,2018-06-10,0.8933275,0.7282944,1.5771329
40476558,2018-06-15,0.89887637,0.7694157,1.8688743
40476558,2018-06-20,0.9078704,0.705142,1.6207454
40476558,2018-07-05,0.8858107,0.68138015,1.4722593
40476558,2018-07-10,0.88375056,0.7447798,1.580191
40476558,2018-07-25,0.8733008,0.62504584,1.3027173
40476558,2018-07-30,0.8873533,0.64316756,1.2683448
40476558,2018-08-04,0.8536586,0.59473807,0.91163766
40476558,2018-08-09,0.8832726,0.63397664,1.0990865
40476558,2018-08-19,0.865412,0.58132845,1.0534443
40476558,2018-08-24,0.8085163,0.60395473,0.88095635
40476558,2018-08-29,0.8434936,0.56924725,0.8838502
40476558,2018-09-08,0.864134,0.52716345,0.85129637
40476558,2018-09-18,0.84965837,0.5255425,0.8052144
40476558,2018-09-28,0.8968227,0.5380421,0.74937683
40476558,2018-10-03,0.80082136,0.4962042,0.5503972
40476558,2018-10-13,0.68828124,0.32437408,0.28201813
40476558,2018-10-23,0.63044435,0.2724231,0.18321219
40476558,2018-12-12,0.29595017,0.14062767,0.052546173
40476558,2018-12-27,0.45523605,0.17330416,0.12349042
40476558,2019-01-01,0.42331928,0.16480593,0.098793834
40476558,2019-01-06,0.4780293,0.21233392,0.11269109
40476558,2019-02-15,0.388189,0.19164239,0.1379607
40476558,2019-02-20,0.3267449,0.19200757,0.1101658
40476558,2019-02-25,0.4388742,0.20138833,0.12380899
40476558,2019-03-02,0.39749295,0.18769571,0.10916283
40476558,2019-04-01,0.42555687,0.20583677,0.1240617
40476558,2019-04-16,0.44019303,0.24612595,0.16495475
40476558,2019-04-21,0.4801041,0.24550259,0.17252964
40476558,2019-05-01,0.71279716,0.43027872,0.35310712
40476558,2019-05-31,0.80581415,0.7605537,1.028646
40476558,2019-06-10,0.7352637,0.5678687,0.7645825
40476558,2019-06-20,0.88396674,0.7323299,1.4453038
40476558,2019-06-25,0.90272784,0.78915256,1.6715637
40476558,2019-06-30,0.90875745,0.7147752,1.6011797
40476558,2019-07-05,0.87600946,0.6994121,1.2339636
40476558,2019-07-10,0.8550177,0.6910305,1.1790437
40476558,2019-07-20,0.8426104,0.607937,0.98376656
40476558,2019-08-04,0.737325,0.6124168,0.7675097
40476558,2019-08-09,0.8486772,0.6051689,0.963431
40476558,2019-08-14,0.86410874,0.62495184,1.0620205
40476558,2019-08-19,0.8295137,0.5939326,0.8781706
40476558,2019-08-29,0.66025186,0.58919555,0.59328115
40476558,2019-09-03,0.85931563,0.55286014,0.80420697
40476558,2019-09-13,0.85709625,0.52216256,0.69965774
40476558,2019-10-08,0.6922204,0.45984384,0.40290755
40476558,2019-10-23,0.51094884,0.19564,0.13603929
40476558,2019-11-22,0.5250689,0.21614878,0.106797725
40476558,2019-12-07,0.4818339,0.21527402,0.10076213
40476558,2020-01-01,0.471028,0.20131813,0.096623816
40476558,2020-01-06,0.4659401,0.19907641,0.094772756
40476558,2020-01-11,0.4918348,0.20517755,0.10081861
40476558,2020-01-16,0.4569823,0.20867884,0.10278275
40476558,2020-02-05,0.46284607,0.18647519,0.09436724
40476558,2020-03-11,0.39483392,0.17327233,0.13234483
40476558,2020-03-16,0.4235769,0.18426801,0.09963495
40476558,2020-04-05,0.4163961,0.19363604,0.1166
40476558,2020-04-10,0.41656265,0.1977792,0.13902827
40476558,2020-04-15,0.46417198,0.21750486,0.14583974
40476558,2020-04-25,0.67577547,0.351369,0.31022477
40476558,2020-05-25,0.77939177,0.7862802,0.7309934
40476558,2020-05-30,0.8757482,0.78574073,1.2977715
40476558,2020-06-29,0.87888384,0.82420844,1.7214371
40476558,2020-07-04,0.9219924,0.7030494,1.5501792
40476558,2020-07-09,0.90671635,0.71744907,1.5602981
40476558,2020-07-14,0.8993228,0.7187444,1.4034102
40476558,2020-07-19,0.8920993,0.74876845,1.4801937
40476558,2020-07-29,0.8857286,0.6689859,1.3187147
40476558,2020-08-08,0.87471354,0.66034836,1.139318
40476558,2020-08-13,0.76029956,0.63463944,0.8415447
40476558,2020-09-02,0.82263553,0.7175642,0.9356206
40476558,2020-09-12,0.87326294,0.5933676,0.9178116
40476558,2020-11-01,0.41866666,0.22824502,0.1128278
40476558,2020-11-06,0.53708863,0.19704534,0.120898224
40476558,2020-11-21,0.5515277,0.21125086,0.11327528
40476558,2020-11-26,0.5287958,0.20453624,0.12723419
40476558,2021-02-24,0.37734312,0.18374474,0.10845244
40476558,2021-03-01,0.43473998,0.16808318,0.112837166
40476558,2021-03-26,0.4221258,0.19577463,0.12739353
40476558,2021-03-31,0.44941956,0.20806941,0.12350729
40476558,2021-04-05,0.41416892,0.13549653,0.07011677
40476558,2021-04-25,0.43410277,0.2219515,0.15306446
40476558,2021-05-10,0.6127887,0.33256215,0.25992358
40476558,2021-05-20,0.7332201,0.6542588,0.6020231
40476558,2021-06-04,0.7991062,0.73431635,1.0129477
40476558,2021-06-09,0.8882385,0.87937754,1.7102019
40476558,2021-06-14,0.91467434,0.8025607,1.7345008
40476558,2021-06-19,0.8695396,0.7767279,1.5939683
40476558,2021-06-24,0.8558371,0.7486009,1.5403771
40476558,2021-06-29,0.88187283,0.73644936,1.6752803
40476558,2021-07-09,0.89869344,0.79839283,1.8886259
40476558,2021-07-14,0.8701411,0.78170115,1.8452713
40476558,2021-07-19,0.874529,0.7215496,1.6468947
40476558,2021-07-29,0.89286536,0.7179192,1.5401708
40476558,2021-08-18,0.89770555,0.69100004,1.5047125
40476558,2021-09-02,0.91668755,0.70088255,1.3716346
40476558,2021-09-07,0.8916117,0.6955115,1.2813784
40476558,2021-09-12,0.8856543,0.6506493,1.1660255
40476558,2021-10-17,0.8346951,0.5041953,0.45120734
40476558,2021-10-27,0.6127545,0.28199145,0.16121577
40476558,2021-11-11,0.44988695,0.25515002,0.13630119
40478562,2017-01-01,0.41434094,0.16933985,0.09725437
40478562,2017-02-20,0.38980395,0.18215139,0.10226885
40478562,2017-03-12,0.36248133,0.17651127,0.09358432
40478562,2017-04-01,0.35943058,0.18724509,0.10797058
40478562,2017-04-21,0.51291245,0.27430367,0.17632659
40478562,2017-05-21,0.82669085,0.5008415,0.7593803
40478562,2017-05-31,0.835609,0.5512719,1.0483841
40478562,2017-06-10,0.8697339,0.60530066,1.259657
40478562,2017-06-20,0.8250001,0.5684087,1.0806502
40478562,2017-07-05,0.8344216,0.61911404,1.1401613
40478562,2017-07-20,0.82158023,0.56086147,0.9651765
40478562,2017-07-25,0.8560547,0.59020615,1.1475929
40478562,2017-08-04,0.80193245,0.5286835,0.8029452
40478562,2017-08-24,0.8244445,0.56792957,0.8283572
40478562,2017-08-29,0.83375466,0.51048845,0.76993006
40478562,2017-09-28,0.79196024,0.37550107,0.4395818
40478562,2017-10-13,0.55981946,0.27167168,0.16597109
40478562,2017-10-18,0.4872308,0.19456884,0.10328173
40478562,2018-01-21,0.5189048,0.16014163,0.093356624
40478562,2018-04-06,0.37103748,0.18503879,0.10450821
40478562,2018-04-11,0.3467548,0.20852156,0.11270632
40478562,2018-04-21,0.47862354,0.26065722,0.15908787
40478562,2018-04-26,0.58841234,0.33910063,0.35368076
40478562,2018-05-26,0.86454976,0.64436805,1.2786808
40478562,2018-05-31,0.84247535,0.6531696,1.347615
40478562,2018-06-10,0.8652358,0.64612913,1.4177794
40478562,2018-06-15,0.8720103,0.7029215,1.6772535
40478562,2018-06-20,0.8817392,0.6508344,1.4628996
40478562,2018-07-05,0.86596704,0.66329324,1.4029667
40478562,2018-07-10,0.86384344,0.7024886,1.3910162
40478562,2018-07-25,0.8569299,0.62393755,1.2395189
40478562,2018-07-30,0.8667763,0.60203344,1.1391301
40478562,2018-08-04,0.8323454,0.42082277,0.44793272
40478562,2018-08-09,0.8538866,0.56422335,0.9967504
40478562,2018-08-19,0.8419042,0.5503054,0.89781505
40478562,2018-08-24,0.78581685,0.564423,0.8049346
40478562,2018-08-29,0.8271014,0.5412866,0.78590685
40478562,2018-09-08,0.8541599,0.5229928,0.7724356
40478562,2018-09-18,0.84208786,0.51362133,0.71181667
40478562,2018-09-28,0.8572531,0.4666303,0.61644465
40478562,2018-10-03,0.77801883,0.45608678,0.45616695
40478562,2018-10-13,0.6787018,0.31294426,0.24455048
40478562,2018-10-23,0.57634676,0.26466542,0.150489
40478562,2018-12-12,0.31612903,0.11573974,0.0536403
40478562,2018-12-27,0.41376066,0.17369631,0.075715534
40478562,2019-01-01,0.3929591,0.16244495,0.07720982
40478562,2019-01-06,0.39232504,0.16789027,0.08201292
40478562,2019-02-15,0.36270937,0.19293351,0.08947659
40478562,2019-02-20,0.32304236,0.21465072,0.10853739
40478562,2019-02-25,0.3699885,0.1841995,0.08836701
40478562,2019-03-02,0.3796833,0.19074044,0.09378396
40478562,2019-04-01,0.36262205,0.1959602,0.10284596
40478562,2019-04-16,0.379015,0.23295607,0.12263312
40478562,2019-04-21,0.39774236,0.22276767,0.1361128
40478562,2019-05-01,0.64423716,0.3784144,0.3430145
40478562,2019-05-31,0.75429845,0.62166274,0.8340452
40478562,2019-06-10,0.68623376,0.5234793,0.6843594
40478562,2019-06-20,0.84375775,0.6466465,1.2777318
40478562,2019-06-25,0.8766188,0.7002332,1.4739903
40478562,2019-06-30,0.8731803,0.6453083,1.3866074
40478562,2019-07-05,0.8534278,0.6404747,1.0968542
40478562,2019-07-10,0.81119066,0.5961336,0.95441663
40478562,2019-07-20,0.81897247,0.5936244,0.87390965
40478562,2019-08-04,0.747485,0.59566283,0.7189693
40478562,2019-08-09,0.8104576,0.53622675,0.8256807
40478562,2019-08-14,0.85373694,0.6172528,0.9174524
40478562,2019-08-19,0.78146523,0.5021527,0.7439773
40478562,2019-08-29,0.4784206,0.38116837,0.3621044
40478562,2019-09-03,0.8381538,0.54144305,0.717797
40478562,2019-09-13,0.8333893,0.49503174,0.625939
40478562,2019-10-08,0.63841814,0.39996856,0.36998415
40478562,2019-10-23,0.49798796,0.19987081,0.10071859
40478562,2019-11-22,0.4826464,0.19100353,0.09473504
40478562,2019-12-07,0.448314,0.16830614,0.10130821
40478562,2020-01-01,0.4472764,0.18304907,0.084903926
40478562,2020-01-06,0.4440433,0.17746721,0.09489793
40478562,2020-01-11,0.42784035,0.16621602,0.092829205
40478562,2020-01-16,0.39761248,0.17305464,0.08937805
40478562,2020-02-05,0.41123995,0.1781367,0.08469922
40478562,2020-03-11,0.36612457,0.17969783,0.08893721
40478562,2020-03-16,0.38635448,0.18257087,0.09385926
40478562,2020-04-05,0.35505617,0.17890167,0.09485067
40478562,2020-04-10,0.35150442,0.1856769,0.091691405
40478562,2020-04-15,0.39914468,0.2112251,0.12526155
40478562,2020-04-25,0.59509635,0.32044512,0.25822783
40478562,2020-05-25,0.79713464,0.7765166,0.9872983
40478562,2020-05-30,0.8674643,0.72147584,1.1568968
40478562,2020-06-29,0.87393254,0.80908096,1.5354369
40478562,2020-07-04,0.89802176,0.60326433,1.3065728
40478562,2020-07-09,0.89298165,0.67100537,1.3379543
40478562,2020-07-14,0.8841122,0.630907,1.2206964
40478562,2020-07-19,0.8904482,0.74901944,1.3500619
40478562,2020-07-29,0.87919813,0.6540264,1.142388
40478562,2020-08-08,0.87446123,0.6284852,1.0724368
40478562,2020-08-13,0.72797525,0.41976738,0.6181778
40478562,2020-09-02,0.815775,0.6153014,0.9239778
40478562,2020-09-12,0.8531187,0.5050826,0.8115715
40478562,2020-11-01,0.41225338,0.23483713,0.11399835
40478562,2020-11-06,0.51251245,0.20422,0.09638633
40478562,2020-11-21,0.4950495,0.19657952,0.09742595
40478562,2020-11-26,0.48224393,0.1931879,0.09429497
40478562,2021-02-24,0.37746254,0.18746819,0.08694135
40478562,2021-03-01,0.41656265,0.18681647,0.09732424
40478562,2021-03-26,0.40251347,0.21348314,0.10167978
40478562,2021-03-31,0.380722,0.18931122,0.10370395
40478562,2021-04-05,0.3504381,0.12024393,0.06194928
40478562,2021-04-10,0.36402702,0.22793664,0.11768431
40478562,2021-04-25,0.38057742,0.21564545,0.12186447
40478562,2021-05-10,0.5270315,0.30729064,0.21707013
40478562,2021-05-20,0.7222222,0.6123987,0.6277155
40478562,2021-06-04,0.7941573,0.6909091,0.9900557
40478562,2021-06-09,0.8691626,0.7786915,1.5170282
40478562,2021-06-14,0.89234334,0.7018248,1.4972619
40478562,2021-06-19,0.8529937,0.70024204,1.4596922
40478562,2021-06-24,0.84469163,0.68437064,1.4145831
40478562,2021-06-29,0.8674163,0.66966873,1.4641081
40478562,2021-07-09,0.88797146,0.73557144,1.7119668
40478562,2021-07-14,0.86236125,0.8132851,1.7123919
40478562,2021-07-19,0.8724122,0.684471,1.4220736
40478562,2021-07-29,0.876444,0.6590128,1.4218687
40478562,2021-08-18,0.8764754,0.60334074,1.2675118
40478562,2021-09-02,0.89757717,0.6282763,1.2489355
40478562,2021-09-07,0.879085,0.6173501,1.137023
40478562,2021-09-12,0.86610115,0.56264025,1.020379
40478562,2021-10-17,0.80742556,0.39442742,0.38264647
40478562,2021-10-27,0.6287362,0.23377788,0.13594925
40478562,2021-11-06,0.43775764,0.121532544,0.05369575
40478562,2021-11-11,0.42495131,0.26835176,0.12825423
40479065,2017-01-01,0.42531905,0.20314352,0.11672099
40479065,2017-02-20,0.38919804,0.20203908,0.10517682
40479065,2017-03-12,0.37954238,0.19703743,0.095936194
40479065,2017-04-01,0.37101066,0.19839294,0.11115732
40479065,2017-04-11,0.29821122,0.25985396,0.118019454
40479065,2017-04-21,0.5165975,0.27393743,0.1879823
40479065,2017-05-21,0.86563027,0.5630395,0.92604715
40479065,2017-05-31,0.84647304,0.5831279,1.1919005
40479065,2017-06-10,0.8842592,0.6598595,1.4759488
40479065,2017-06-20,0.846729,0.5971752,1.1740543
40479065,2017-07-05,0.84310776,0.64592934,1.2655548
40479065,2017-07-20,0.8384771,0.554898,1.0063788
40479065,2017-07-25,0.87106836,0.6118536,1.2255566
40479065,2017-08-04,0.80688405,0.5248455,0.8968698
40479065,2017-08-24,0.82951945,0.5482663,0.90215
40479065,2017-08-29,0.8409161,0.51154125,0.8649908
40479065,2017-09-28,0.80495733,0.38901106,0.49091017
40479065,2017-10-13,0.56022805,0.28144804,0.1631445
40479065,2017-10-18,0.48639616,0.19976474,0.106591076
40479065,2018-01-21,0.48713058,0.18772273,0.09692817
40479065,2018-04-06,0.3955727,0.21274027,0.11226793
40479065,2018-04-11,0.3505868,0.20858696,0.12202412
40479065,2018-04-21,0.4596662,0.24525082,0.1664476
40479065,2018-04-26,0.63750005,0.39753845,0.40037906
40479065,2018-05-26,0.8669527,0.66318893,1.3471187
40479065,2018-05-31,0.8508668,0.64275974,1.447306
40479065,2018-06-10,0.8762682,0.6521899,1.4927775
40479065,2018-06-15,0.87037843,0.70430464,1.6355228
40479065,2018-06-20,0.8814777,0.6401849,1.4637897
40479065,2018-07-05,0.8763503,0.6923412,1.4719889
40479065,2018-07-10,0.862069,0.6802785,1.4711529
40479065,2018-07-25,0.86792904,0.6469885,1.27853
40479065,2018-07-30,0.8692918,0.60062724,1.2208889
40479065,2018-08-04,0.7798485,0.29631758,0.7895548
40479065,2018-08-09,0.8504674,0.55103517,1.089231
40479065,2018-08-19,0.84303355,0.5419706,0.9587512
40479065,2018-08-24,0.8081521,0.5899623,0.92372775
40479065,2018-08-29,0.83601755,0.56400627,0.8449389
40479065,2018-09-08,0.8643123,0.5417266,0.8851481
40479065,2018-09-18,0.85364276,0.526253,0.83564335
40479065,2018-09-28,0.8823946,0.514011,0.7454333
40479065,2018-10-03,0.802302,0.48829737,0.55030364
40479065,2018-10-13,0.71882445,0.33517277,0.28375286
40479065,2018-10-23,0.57003015,0.27292064,0.15802975
40479065,2018-12-12,0.35562706,0.11841542,0.05343131
40479065,2018-12-27,0.4379202,0.19561909,0.10423622
40479065,2019-01-01,0.4109589,0.18632095,0.093874454
40479065,2019-01-06,0.45387456,0.21471797,0.11158874
40479065,2019-02-15,0.36385545,0.19988656,0.10208305
40479065,2019-02-20,0.34033614,0.22986059,0.12022869
40479065,2019-02-25,0.3793103,0.19332883,0.096784614
40479065,2019-03-02,0.37853107,0.19670448,0.10113498
40479065,2019-03-22,0.30495223,0.19047791,0.09774803
40479065,2019-04-01,0.3742373,0.20153344,0.11202346
40479065,2019-04-16,0.40308642,0.23827769,0.13398747
40479065,2019-04-21,0.45359135,0.25051624,0.15443103
40479065,2019-05-01,0.7382426,0.45833492,0.42716825
40479065,2019-05-31,0.79921716,0.66225296,1.1146302
40479065,2019-06-10,0.6897149,0.5422837,0.7510124
40479065,2019-06-20,0.87096775,0.67045414,1.4364526
40479065,2019-06-25,0.88210326,0.7035393,1.6336191
40479065,2019-06-30,0.89584357,0.6748941,1.4942414
40479065,2019-07-05,0.8681672,0.63049746,1.275056
40479065,2019-07-10,0.8351676,0.62800723,1.1312441
40479065,2019-07-20,0.8268856,0.58229786,0.9567806
40479065,2019-08-04,0.7503244,0.59021676,0.7964563
40479065,2019-08-09,0.8451429,0.57270086,0.97110164
40479065,2019-08-14,0.84769875,0.5884973,1.0409737
40479065,2019-08-19,0.82139647,0.5530893,0.8758476
40479065,2019-08-29,0.46629983,0.4603059,0.37948468
40479065,2019-09-03,0.8329114,0.52294856,0.7841122
40479065,2019-09-13,0.8403068,0.4741108,0.72540987
40479065,2019-10-08,0.68170065,0.4510206,0.43747896
40479065,2019-10-23,0.48432058,0.19602709,0.11041794
40479065,2019-11-22,0.50220907,0.21233758,0.116821244
40479065,2019-12-07,0.4705365,0.2099439,0.11615754
40479065,2020-01-01,0.44916344,0.20564087,0.1003334
40479065,2020-01-06,0.443038,0.19975697,0.103297204
40479065,2020-01-11,0.45275265,0.21004078,0.10891322
40479065,2020-01-16,0.40147114,0.1944059,0.106558695
40479065,2020-02-05,0.430956,0.21323723,0.10339376
40479065,2020-03-11,0.38109308,0.1927099,0.1023379
40479065,2020-03-16,0.38342154,0.1941765,0.0989651
40479065,2020-04-05,0.40035152,0.2067526,0.111145884
40479065,2020-04-10,0.3839721,0.20679303,0.10455998
40479065,2020-04-15,0.43712577,0.23148474,0.13082854
40479065,2020-04-25,0.6701986,0.37945256,0.32152444
40479065,2020-05-25,0.76224256,0.75150126,1.1542141
40479065,2020-05-30,0.8711,0.727546,1.3465589
40479065,2020-06-29,0.8724383,0.7802798,1.6132386
40479065,2020-07-04,0.90852505,0.6193727,1.4249537
40479065,2020-07-09,0.9026616,0.6697386,1.5101743
40479065,2020-07-14,0.8923569,0.66911143,1.3191558
40479065,2020-07-19,0.8887855,0.7235945,1.4847028
40479065,2020-07-29,0.8754696,0.630777,1.2868695
40479065,2020-08-08,0.8781698,0.62455887,1.1769011
40479065,2020-08-13,0.7109909,0.4271487,0.5968693
40479065,2020-09-02,0.81590617,0.6245509,1.0242312
40479065,2020-09-12,0.8676022,0.5463767,0.92843926
40479065,2020-11-01,0.42436415,0.24444784,0.12069878
40479065,2020-11-06,0.532381,0.22279793,0.121029496
40479065,2020-11-21,0.49343833,0.21169582,0.11333524
40479065,2020-11-26,0.50259554,0.21331573,0.11376007
40479065,2021-02-24,0.3674699,0.18692306,0.09608647
40479065,2021-03-01,0.42803317,0.20723878,0.109026164
40479065,2021-03-21,0.35865468,0.2229391,0.111118995
40479065,2021-03-26,0.41271517,0.22012815,0.1145232
40479065,2021-03-31,0.3962804,0.20195395,0.11324942
40479065,2021-04-05,0.40430772,0.1443956,0.0657654
40479065,2021-04-10,0.39086616,0.2383788,0.1306486
40479065,2021-04-25,0.4234465,0.23850761,0.13353534
40479065,2021-05-10,0.5746786,0.32264638,0.24687058
40479065,2021-05-20,0.772982,0.6757247,0.76198083
40479065,2021-06-04,0.81899863,0.74249357,1.112229
40479065,2021-06-09,0.8811118,0.78427476,1.5854267
40479065,2021-06-14,0.9063385,0.7547067,1.7026306
40479065,2021-06-19,0.8680181,0.72070616,1.6569775
40479065,2021-06-24,0.855982,0.7106447,1.5074475
40479065,2021-06-29,0.8801347,0.7052158,1.6013081
40479065,2021-07-09,0.90116763,0.77297276,1.8159258
40479065,2021-07-14,0.8453887,0.755922,1.586753
40479065,2021-07-19,0.8824618,0.700871,1.5568496
40479065,2021-07-29,0.88936377,0.69321585,1.5399824
40479065,2021-08-18,0.89362794,0.6519457,1.4236864
40479065,2021-09-02,0.90884435,0.63634986,1.3685913
40479065,2021-09-07,0.8931964,0.64773786,1.2977694
40479065,2021-09-12,0.8941442,0.6139808,1.1852521
40479065,2021-10-17,0.8226819,0.43634155,0.42394143
40479065,2021-10-27,0.62136835,0.25139347,0.1491224
40479065,2021-11-06,0.4491115,0.12696382,0.06641512
40479065,2021-11-11,0.4224112,0.2704542,0.14495896
40480902,2017-01-01,0.62500006,0.19815062,0.11868841
40480902,2017-02-20,0.4311424,0.20685512,0.10982314
40480902,2017-03-12,0.48305973,0.24093238,0.12321962
40480902,2017-04-01,0.48792616,0.25020945,0.13083643
40480902,2017-04-21,0.6475913,0.3572193,0.26853186
40480902,2017-05-21,0.9158965,0.6752751,1.2323445
40480902,2017-05-31,0.90059274,0.66955954,1.4542449
40480902,2017-06-10,0.87861395,0.7725175,1.4482114
40480902,2017-06-20,0.8911005,0.7107146,1.4585171
40480902,2017-07-05,0.8764407,0.72651535,1.394588
40480902,2017-07-15,0.88635033,0.59901816,1.0900896
40480902,2017-07-20,0.88510126,0.6688885,1.235717
40480902,2017-07-25,0.9284436,0.73489326,1.4708558
40480902,2017-08-04,0.8612376,0.62135214,1.0550529
40480902,2017-08-09,0.8504823,0.5855224,1.0917305
40480902,2017-08-24,0.88747823,0.65923303,1.1024877
40480902,2017-08-29,0.7174788,0.33452833,0.52767426
40480902,2017-09-28,0.851824,0.43864742,0.5193983
40480902,2017-10-13,0.65314245,0.2984044,0.18353441
40480902,2017-10-18,0.63599354,0.29670998,0.15423204
40480902,2018-04-06,0.25048882,0.22396182,0.05346485
40480902,2018-04-11,0.37900552,0.24321927,0.12540677
40480902,2018-04-21,0.5475809,0.3051023,0.21001187
40480902,2018-04-26,0.75513196,0.58893037,0.5789532
40480902,2018-05-16,0.7623578,0.78484476,1.0753464
40480902,2018-05-21,0.88023955,0.7374494,1.4313524
40480902,2018-05-26,0.87714,0.7797672,1.4825268
40480902,2018-05-31,0.8640437,0.69290096,1.4033214
40480902,2018-06-10,0.88663787,0.69687974,1.4311689
40480902,2018-06-15,0.91335034,0.7844227,1.7167339
40480902,2018-06-20,0.90088654,0.7097571,1.4895238
40480902,2018-07-05,0.8983806,0.7631987,1.6192454
40480902,2018-07-10,0.8634116,0.5599872,0.99673104
40480902,2018-07-20,0.82573867,0.6505444,1.0791447
40480902,2018-07-25,0.8896644,0.6994901,1.3432252
40480902,2018-07-30,0.8892171,0.6586673,1.2781842
40480902,2018-08-04,0.8679868,0.67229044,1.2370038
40480902,2018-08-09,0.8846054,0.6369225,1.1748403
40480902,2018-08-14,0.8889171,0.6247549,1.0862592
40480902,2018-08-19,0.8766543,0.6267742,1.0047269
40480902,2018-08-24,0.8383745,0.70609057,1.0569875
40480902,2018-08-29,0.86881536,0.6034008,0.95489115
40480902,2018-09-08,0.8779103,0.5841899,1.0262529
40480902,2018-09-28,0.8980938,0.50796145,0.7466121
40480902,2018-10-03,0.8261142,0.5346985,0.5734908
40480902,2018-10-13,0.73728174,0.36424336,0.24791352
40480902,2018-10-23,0.6704204,0.3318099,0.18861802
40480902,2018-12-27,0.641543,0.22197126,0.13807088
40480902,2019-01-01,0.5446633,0.2324899,0.11514035
40480902,2019-02-15,0.4788012,0.2592314,0.12636177
40480902,2019-02-20,0.49029124,0.23286197,0.12792136
40480902,2019-02-25,0.5401662,0.25524515,0.14063269
40480902,2019-03-02,0.49519232,0.23157342,0.13039099
40480902,2019-03-22,0.43361127,0.22926134,0.12907074
40480902,2019-04-01,0.48913437,0.24677382,0.13132218
40480902,2019-04-16,0.4998308,0.27125806,0.14839321
40480902,2019-04-21,0.52015996,0.2822581,0.17496455
40480902,2019-05-01,0.7480689,0.47912627,0.4176637
40480902,2019-06-10,0.73696965,0.6713286,0.9341621
40480902,2019-06-20,0.87713027,0.75087357,1.4263282
40480902,2019-06-30,0.9205597,0.7782379,1.6038803
40480902,2019-07-05,0.8784426,0.7037164,1.4010669
40480902,2019-07-10,0.8640252,0.70958436,1.2590967
40480902,2019-07-20,0.86685616,0.68850666,1.1624985
40480902,2019-07-25,0.8602907,0.7063941,1.205471
40480902,2019-07-30,0.86304665,0.6944015,1.1784426
40480902,2019-08-04,0.859604,0.65132684,1.1387808
40480902,2019-08-09,0.8944941,0.5921078,1.0732834
40480902,2019-08-14,0.7493677,0.6376943,0.8309686
40480902,2019-08-19,0.85471743,0.61099833,1.0100837
40480902,2019-09-03,0.8686551,0.59569705,0.9507
40480902,2019-09-13,0.8988116,0.5369168,0.87801963
40480902,2019-10-08,0.8409312,0.3575405,0.4005471
40480902,2019-10-23,0.6159292,0.27039626,0.15002935
40480902,2019-11-22,0.56697816,0.17359786,0.09064008
40480902,2020-01-01,0.5790622,0.21661974,0.122331016
40480902,2020-01-06,0.5889908,0.19569191,0.14570947
40480902,2020-01-11,0.6234458,0.21526697,0.14593425
40480902,2020-01-16,0.50312775,0.22755747,0.13498421
40480902,2020-02-05,0.57452226,0.18430732,0.06708495
40480902,2020-03-11,0.4952456,0.23734477,0.12946816
40480902,2020-03-16,0.5093372,0.24899757,0.12638628
40480902,2020-03-21,0.47716644,0.2622322,0.12773815
40480902,2020-04-05,0.4772646,0.23961031,0.12722276
40480902,2020-04-10,0.49108374,0.2581855,0.13086216
40480902,2020-04-15,0.50143266,0.2722841,0.14690037
40480902,2020-04-25,0.6679462,0.3737648,0.31160635
40480902,2020-05-25,0.849741,0.37666515,0.4855081
40480902,2020-05-30,0.89647156,0.7937963,1.3339192
40480902,2020-06-29,0.8685016,0.7545738,1.4027628
40480902,2020-07-04,0.89276683,0.65484357,1.2269244
40480902,2020-07-09,0.918018,0.73773754,1.4769795
40480902,2020-07-14,0.89800006,0.6649389,1.3372159
40480902,2020-07-19,0.67630535,0.6333775,0.7421243
40480902,2020-07-29,0.8918099,0.67028916,1.2045004
40480902,2020-08-08,0.87546206,0.6082816,1.0475663
40480902,2020-08-13,0.84015596,0.6115458,0.9770727
40480902,2020-08-28,0.8370554,0.46176305,0.5638786
40480902,2020-09-12,0.87242526,0.52362907,0.84201485
40480902,2020-11-01,0.49851254,0.24055618,0.10883552
40480902,2020-11-06,0.62623876,0.25975803,0.14982201
40480902,2020-11-21,0.64475876,0.29214412,0.16847643
40480902,2020-11-26,0.6660059,0.27773187,0.1507293
40480902,2021-02-24,0.4982659,0.25199765,0.1382217
40480902,2021-03-01,0.5623857,0.28128543,0.15502182
40480902,2021-03-26,0.5277178,0.26863593,0.14271617
40480902,2021-03-31,0.49592343,0.25559983,0.1502069
40480902,2021-04-05,0.50390226,0.27445108,0.14734142
40480902,2021-04-25,0.47907877,0.26602066,0.16346283
40480902,2021-05-05,0.49432287,0.33971527,0.21036747
40480902,2021-05-10,0.6184499,0.35850704,0.29862583
40480902,2021-06-04,0.78634894,0.6958773,1.0679556
40480902,2021-06-14,0.9009858,0.7384201,1.5230304
40480902,2021-06-19,0.8495006,0.6970856,1.4598477
40480902,2021-06-24,0.8326585,0.6912649,1.3310684
40480902,2021-06-29,0.87111306,0.7000833,1.46104
40480902,2021-07-14,0.8447488,0.7011559,1.3783743
40480902,2021-07-19,0.8778927,0.67260176,1.4848917
40480902,2021-07-29,0.88002086,0.62800133,1.4312077
40480902,2021-08-18,0.8996007,0.61584723,1.2733552
40480902,2021-09-02,0.8969642,0.57585543,1.2414509
40480902,2021-09-07,0.90117913,0.6186402,1.2307292
40480902,2021-09-12,0.8993135,0.6100826,1.0880452
40480902,2021-10-17,0.82933766,0.40292963,0.36907354
40480902,2021-10-27,0.6990241,0.26682088,0.16325425
40480902,2021-11-06,0.5802164,0.3681836,0.21632415
40480902,2021-11-11,0.56353056,0.23758893,0.15804559
40483072,2017-01-01,0.5793901,0.1153347,0.064277686
40483072,2017-02-20,0.46708462,0.1917914,0.08680681
40483072,2017-03-12,0.435141,0.18163708,0.091260135
40483072,2017-04-01,0.42857143,0.2015832,0.111478
40483072,2017-04-11,0.45693278,0.31669763,0.19333836
40483072,2017-04-21,0.5932203,0.33078927,0.2539277
40483072,2017-05-21,0.90403914,0.6449529,1.0232863
40483072,2017-05-31,0.8990352,0.6868593,1.4039605
40483072,2017-06-10,0.9493785,0.77709955,1.8178158
40483072,2017-06-20,0.88296604,0.69373083,1.4182571
40483072,2017-07-05,0.8778947,0.6550167,1.2157414
40483072,2017-07-20,0.8697001,0.6367354,1.2798244
40483072,2017-07-25,0.9135571,0.6258967,1.3167737
40483072,2017-08-04,0.8398693,0.59458625,1.0473334
40483072,2017-08-24,0.86869,0.54259515,0.8908751
40483072,2017-08-29,0.8923842,0.60272855,1.0969477
40483072,2017-09-28,0.8283485,0.47146767,0.6081629
40483072,2017-10-13,0.58749413,0.23902644,0.14567971
40483072,2017-10-18,0.5617977,0.25372782,0.16176222
40483072,2018-01-21,0.6477778,0.21790323,0.11011091
40483072,2018-04-06,0.4189565,0.22554268,0.129681
40483072,2018-04-11,0.3738366,0.24789138,0.15090446
40483072,2018-04-21,0.5191816,0.29472616,0.22941549
40483072,2018-04-26,0.6015936,0.3434941,0.3883143
40483072,2018-05-26,0.8852954,0.73779917,1.5565873
40483072,2018-05-31,0.86220056,0.72614634,1.5518762
40483072,2018-06-10,0.8916168,0.72612303,1.6640534
40483072,2018-06-15,0.9048308,0.8237794,2.1598
40483072,2018-06-20,0.9016393,0.71084946,1.632424
40483072,2018-07-05,0.88642716,0.73924583,1.6111292
40483072,2018-07-10,0.88719445,0.7559898,1.6550224
40483072,2018-07-25,0.87695694,0.7017822,1.4763411
40483072,2018-07-30,0.8939126,0.66006416,1.3984491
40483072,2018-08-04,0.867907,0.6801531,1.3304307
40483072,2018-08-09,0.8775933,0.6305903,1.2459204
40483072,2018-08-19,0.8580991,0.60839033,1.1181659
40483072,2018-08-24,0.82685685,0.65339917,1.1203396
40483072,2018-08-29,0.84591436,0.6292937,1.0009673
40483072,2018-09-08,0.870187,0.59368783,1.0333079
40483072,2018-09-18,0.86651266,0.58949566,0.9622831
40483072,2018-09-28,0.89063525,0.5518809,0.8200854
40483072,2018-10-03,0.8054208,0.57064885,0.6668052
40483072,2018-10-13,0.68540925,0.33866715,0.29840508
40483072,2018-10-18,0.57882625,0.22074957,0.11502959
40483072,2018-10-23,0.6137371,0.30338436,0.20356037
40483072,2018-12-12,0.42369917,0.18356444,0.0967415
40483072,2018-12-27,0.49245384,0.18245453,0.09853251
40483072,2019-01-01,0.44978163,0.16823879,0.09447068
40483072,2019-01-06,0.5158649,0.19997622,0.11454487
40483072,2019-02-15,0.42252097,0.23690163,0.12837383
40483072,2019-02-20,0.36167383,0.20342211,0.09145658
40483072,2019-02-25,0.4276881,0.22867535,0.1265216
40483072,2019-03-02,0.41694027,0.22240125,0.117426425
40483072,2019-04-01,0.39746836,0.2221829,0.13604185
40483072,2019-04-16,0.44009024,0.2749789,0.16523583
40483072,2019-04-21,0.47520286,0.27349156,0.18200809
40483072,2019-05-01,0.7223796,0.48140457,0.4265857
40483072,2019-05-31,0.76703906,0.5754401,0.853914
40483072,2019-06-10,0.6856658,0.5735211,0.6958566
40483072,2019-06-20,0.875,0.7233806,1.5752513
40483072,2019-06-25,0.89014196,0.8035141,1.7465397
40483072,2019-06-30,0.9149217,0.7411441,1.7670135
40483072,2019-07-05,0.8785867,0.7072231,1.4596312
40483072,2019-07-10,0.85691863,0.723455,1.2982146
40483072,2019-07-20,0.8629802,0.6875512,1.191914
40483072,2019-08-04,0.75725955,0.6691793,0.9180119
40483072,2019-08-09,0.8602667,0.62374324,0.9704792
40483072,2019-08-14,0.8708724,0.6781547,1.2040585
40483072,2019-08-19,0.84129506,0.6285691,1.0256485
40483072,2019-09-03,0.87207943,0.60073227,0.97213614
40483072,2019-09-13,0.8823902,0.5514502,0.84894437
40483072,2019-10-08,0.68547577,0.41483128,0.36703515
40483072,2019-10-23,0.54170567,0.23075697,0.1359526
40483072,2019-11-22,0.5391705,0.24605677,0.12817296
40483072,2019-12-07,0.5133301,0.21775785,0.1025193
40483072,2020-01-01,0.49361703,0.19888557,0.08975332
40483072,2020-01-06,0.48143718,0.1690141,0.09317773
40483072,2020-01-11,0.5392377,0.20846877,0.115403496
40483072,2020-01-16,0.44391027,0.2234592,0.11318384
40483072,2020-02-05,0.46422896,0.22207856,0.114615485
40483072,2020-03-11,0.4191149,0.21015923,0.123629086
40483072,2020-03-16,0.45270753,0.22533691,0.12368536
40483072,2020-04-05,0.41426206,0.21981697,0.116497345
40483072,2020-04-10,0.4198953,0.2204104,0.12955597
40483072,2020-04-15,0.46166286,0.24504581,0.15374178
40483072,2020-04-25,0.6934441,0.4150241,0.349165
40483072,2020-04-30,0.70922416,0.505156,0.44185758
40483072,2020-05-25,0.78478867,0.73846966,0.9938082
40483072,2020-05-30,0.8141509,0.66499716,0.93881637
40483072,2020-06-29,0.79490644,0.6732458,1.1553793
40483072,2020-07-04,0.85883623,0.5907204,1.0334398
40483072,2020-07-09,0.83889467,0.60201293,1.0302645
40483072,2020-07-14,0.85282266,0.6294409,0.98484844
40483072,2020-07-19,0.8341346,0.66170865,1.0467441
40483072,2020-07-29,0.8087005,0.56262606,0.9727377
40483072,2020-08-08,0.8160446,0.54652435,0.8986394
40483072,2020-08-13,0.73975235,0.5607924,0.595622
40483072,2020-09-02,0.78415734,0.616278,0.785857
40483072,2020-09-12,0.8312083,0.53097004,0.732047
40483072,2020-11-01,0.39162114,0.24055497,0.12963524
40483072,2020-11-06,0.524121,0.24329144,0.14494532
40483072,2020-11-21,0.5018954,0.23387268,0.11151574
40483072,2020-11-26,0.50102586,0.22679147,0.116633594
40483072,2021-02-24,0.3614138,0.21817209,0.10840188
40483072,2021-03-01,0.41526768,0.2201955,0.11010617
40483072,2021-03-26,0.39272732,0.22590204,0.11788814
40483072,2021-03-31,0.37275985,0.2084447,0.10902955
40483072,2021-04-25,0.40111735,0.24073765,0.12642023
40483072,2021-05-10,0.45397553,0.27500606,0.17805243
40483072,2021-05-20,0.63748145,0.54230994,0.45318276
40483072,2021-06-04,0.7686953,0.6718087,0.8404887
40483072,2021-06-09,0.8513593,0.7761849,1.2325655
40483072,2021-06-14,0.8848215,0.72177714,1.3773236
40483072,2021-06-19,0.8425496,0.71977216,1.3226061
40483072,2021-06-24,0.8311393,0.69011,1.2533051
40483072,2021-06-29,0.8498499,0.66822875,1.2878174
40483072,2021-07-09,0.88352823,0.760798,1.5313066
40483072,2021-07-14,0.785266,0.8888307,1.5278231
40483072,2021-07-19,0.8680089,0.71811956,1.425426
40483072,2021-07-29,0.8777752,0.68148124,1.3853997
40483072,2021-08-18,0.8885793,0.6591404,1.2932134
40483072,2021-09-02,0.90035784,0.63859284,1.185873
40483072,2021-09-07,0.8854582,0.66030383,1.1022239
40483072,2021-09-12,0.8755981,0.6131016,1.0532992
40483072,2021-10-17,0.78993285,0.44423476,0.40697345
40483072,2021-10-27,0.6103793,0.27719364,0.16682115
40483072,2021-11-06,0.37931034,0.19451311,0.2060963
40483072,2021-11-11,0.42824602,0.23971437,0.12451153
40489627,2017-01-01,0.6129707,0.12338401,0.058617216
40489627,2017-03-12,0.44,0.16985294,0.07913695
40489627,2017-04-01,0.41852486,0.18294969,0.090309486
40489627,2017-04-11,0.39040205,0.52160347,0.09762527
40489627,2017-04-21,0.5815929,0.2997628,0.1977988
40489627,2017-05-21,0.8565827,0.5477342,0.85050386
40489627,2017-05-31,0.86315227,0.5707345,1.1131465
40489627,2017-06-10,0.8896806,0.6560152,1.2492101
40489627,2017-06-20,0.8629098,0.6101065,1.103026
40489627,2017-07-05,0.8404808,0.5997584,1.0394794
40489627,2017-07-20,0.8398345,0.53880864,0.8873131
40489627,2017-07-25,0.8786658,0.5743065,0.99751097
40489627,2017-08-04,0.80890137,0.516782,0.7780392
40489627,2017-08-09,0.7549354,0.24316978,0.38695928
40489627,2017-08-24,0.82483655,0.4900019,0.6772585
40489627,2017-08-29,0.8127197,0.47732562,0.7024167
40489627,2017-09-28,0.82013047,0.35296005,0.40077528
40489627,2017-10-13,0.5698158,0.19267862,0.086398214
40489627,2017-10-18,0.52650183,0.18195882,0.07659821
40489627,2018-04-11,0.35943267,0.2180348,0.13226733
40489627,2018-04-21,0.5119617,0.27204707,0.17148255
40489627,2018-04-26,0.6945216,0.55280924,0.539284
40489627,2018-05-21,0.88276863,0.73055345,1.5532099
40489627,2018-05-26,0.87282395,0.66257983,1.3526179
40489627,2018-05-31,0.8486075,0.6449687,1.2865553
40489627,2018-06-10,0.84638786,0.61856246,1.2482152
40489627,2018-06-15,0.8883572,0.69246614,1.5179807
40489627,2018-06-20,0.8696898,0.61502445,1.2248595
40489627,2018-07-05,0.7859762,0.7165837,1.0106353
40489627,2018-07-10,0.85436654,0.6523291,1.166314
40489627,2018-07-25,0.86558867,0.62254685,1.2133428
40489627,2018-07-30,0.8506321,0.5564103,0.9913784
40489627,2018-08-04,0.82818264,0.5581031,0.94787335
40489627,2018-08-09,0.8446252,0.5382431,0.8803637
40489627,2018-08-19,0.8335969,0.5206069,0.8131689
40489627,2018-08-24,0.7991561,0.5676324,0.8818334
40489627,2018-08-29,0.822519,0.52640146,0.7317705
40489627,2018-09-08,0.85106385,0.4872682,0.7433736
40489627,2018-09-18,0.8535871,0.48044834,0.67849636
40489627,2018-09-28,0.8880141,0.44242007,0.593149
40489627,2018-10-03,0.79249614,0.45060733,0.46190804
40489627,2018-10-13,0.6171516,0.23167132,0.14982869
40489627,2018-10-18,0.37492043,0.24002609,0.13765459
40489627,2018-10-23,0.57064015,0.2035513,0.11910475
40489627,2019-04-01,0.40815562,0.19240944,0.10464047
40489627,2019-04-16,0.4456853,0.24316838,0.12718023
40489627,2019-04-21,0.4616439,0.23892239,0.14447775
40489627,2019-05-01,0.70766824,0.43247896,0.3889867
40489627,2019-05-31,0.646992,0.4922705,0.49047187
40489627,2019-06-20,0.8458312,0.6263348,1.1488281
40489627,2019-06-25,0.8349337,0.6915881,1.2349802
40489627,2019-06-30,0.8864469,0.624079,1.2236671
40489627,2019-07-05,0.8471708,0.6133466,1.1248223
40489627,2019-07-10,0.8270817,0.6052642,1.0271827
40489627,2019-07-20,0.84389704,0.5992295,0.96863556
40489627,2019-08-04,0.7967943,0.59779066,0.7999024
40489627,2019-08-09,0.83665836,0.53104347,0.89089626
40489627,2019-08-14,0.8678641,0.55053717,0.86627865
40489627,2019-08-19,0.8213464,0.5153513,0.80090505
40489627,2019-09-03,0.86338025,0.5110463,0.7422535
40489627,2019-09-13,0.8514589,0.45786127,0.6703566
40489627,2019-10-08,0.6471902,0.35440615,0.29492566
40489627,2019-10-23,0.578354,0.21425886,0.10361372
40489627,2019-11-22,0.567643,0.19517577,0.09298215
40489627,2019-12-07,0.5813953,0.15950418,0.081639834
40489627,2020-01-01,0.551634,0.17965092,0.08564015
40489627,2020-01-06,0.5462305,0.15653026,0.08710078
40489627,2020-01-11,0.6339223,0.1930693,0.09200581
40489627,2020-01-16,0.50788003,0.20757149,0.087788165
40489627,2020-02-05,0.56110245,0.21548969,0.10994538
40489627,2020-03-16,0.47061208,0.2122176,0.112710394
40489627,2020-03-21,0.3529109,0.33971435,0.09989005
40489627,2020-04-05,0.44914624,0.21906005,0.10828472
40489627,2020-04-10,0.42940962,0.21229924,0.10480464
40489627,2020-04-15,0.4654819,0.23477092,0.12992567
40489627,2020-04-25,0.68281037,0.36401325,0.3277683
40489627,2020-05-25,0.8083468,0.73815066,1.1105788
40489627,2020-05-30,0.8879367,0.76225144,1.3425262
40489627,2020-06-29,0.86925286,0.7054845,1.279249
40489627,2020-07-04,0.9100236,0.63732177,1.3751413
40489627,2020-07-09,0.90053564,0.6623026,1.3543731
40489627,2020-07-14,0.8900929,0.640978,1.2713282
40489627,2020-07-19,0.8955053,0.7465951,1.4191604
40489627,2020-07-29,0.8780087,0.6255603,1.1131383
40489627,2020-08-08,0.87770617,0.60299075,1.0482038
40489627,2020-09-12,0.86051583,0.47789073,0.80714023
40489627,2020-11-01,0.43438375,0.223899,0.09100737
40489627,2020-11-06,0.65104806,0.22274722,0.12129363
40489627,2020-11-21,0.6377359,0.2087279,0.11722319
40489627,2020-11-26,0.6701031,0.20895842,0.11520001
40489627,2021-02-24,0.38209063,0.21257593,0.10229479
40489627,2021-03-01,0.5364355,0.22528668,0.12437912
40489627,2021-03-26,0.45304656,0.23239565,0.12619205
40489627,2021-03-31,0.46946156,0.2278228,0.1308186
40489627,2021-04-05,0.46598434,0.26993096,0.14182301
40489627,2021-04-25,0.45340046,0.24521488,0.13931817
40489627,2021-05-10,0.5829443,0.33649525,0.25394621
40489627,2021-05-20,0.7810945,0.703027,0.84836745
40489627,2021-06-04,0.83336914,0.7451395,1.1573378
40489627,2021-06-09,0.8809235,0.7855956,1.6225845
40489627,2021-06-14,0.91178435,0.74073404,1.6987233
40489627,2021-06-19,0.87032866,0.7043434,1.5538169
40489627,2021-06-24,0.8592309,0.71718156,1.5080572
40489627,2021-06-29,0.88412625,0.69116616,1.5983192
40489627,2021-07-09,0.89369184,0.77091885,1.8307515
40489627,2021-07-14,0.40286872,0.74862856,0.34378454
40489627,2021-07-19,0.88059705,0.65909517,1.5578974
40489627,2021-07-29,0.89200205,0.65649366,1.4963775
40489627,2021-08-18,0.9022046,0.6166686,1.3399477
40489627,2021-09-02,0.9156557,0.62147117,1.278429
40489627,2021-09-07,0.8996375,0.6204815,1.2284801
40489627,2021-09-12,0.8933744,0.5740594,1.0783172
40489627,2021-10-17,0.8184357,0.3503248,0.30065453
40489627,2021-10-27,0.58666664,0.20191205,0.11038532
40489627,2021-11-06,0.14032696,0.0635469,0.162963
40489627,2021-11-11,0.4936212,0.21508594,0.107178986
40492003,2017-01-01,0.6036036,0.14830765,0.106265344
40492003,2017-02-20,0.47896248,0.15965417,0.0990945
40492003,2017-03-12,0.4893151,0.17444815,0.087957576
40492003,2017-04-01,0.44273028,0.18418393,0.104127
40492003,2017-04-21,0.69648314,0.35314184,0.2785423
40492003,2017-05-21,0.9226007,0.63064337,1.0554067
40492003,2017-05-31,0.8875622,0.62203634,1.3554295
40492003,2017-06-10,0.9638848,0.71555376,1.6489984
40492003,2017-06-20,0.88704485,0.683032,1.2792364
40492003,2017-07-05,0.8717367,0.62028027,1.1134025
40492003,2017-07-15,0.79700863,0.6467835,0.8185592
40492003,2017-07-20,0.8856711,0.65415514,1.1402069
40492003,2017-07-25,0.92251253,0.5930413,1.2097824
40492003,2017-08-04,0.8457375,0.60351485,1.0337802
40492003,2017-08-24,0.86013067,0.5191322,0.79031694
40492003,2017-08-29,0.9134368,0.5419286,1.00243
40492003,2017-09-28,0.8782344,0.44718283,0.5593284
40492003,2017-10-13,0.6018562,0.24908778,0.14653447
40492003,2017-10-18,0.59246576,0.21150008,0.12571058
40492003,2018-01-21,0.6868327,0.19303861,0.17700122
40492003,2018-04-06,0.50194216,0.22293359,0.1379944
40492003,2018-04-11,0.39516127,0.22411095,0.13017564
40492003,2018-04-21,0.69160706,0.41486165,0.24964163
40492003,2018-05-26,0.8843349,0.6638605,1.3309133
40492003,2018-05-31,0.8612228,0.7163722,1.4385195
40492003,2018-06-10,0.88625586,0.7018265,1.5613607
40492003,2018-06-15,0.90614825,0.79294044,2.0559368
40492003,2018-06-20,0.89505595,0.68668145,1.5065731
40492003,2018-07-05,0.8945722,0.71597123,1.3942416
40492003,2018-07-10,0.8821541,0.7584892,1.4450632
40492003,2018-07-25,0.87665427,0.6395264,1.2685013
40492003,2018-07-30,0.8894523,0.6563634,1.2074783
40492003,2018-08-04,0.8305825,0.6432331,1.0772094
40492003,2018-08-09,0.8860759,0.6313653,1.1356993
40492003,2018-08-19,0.87074095,0.61908793,1.0471773
40492003,2018-08-24,0.7972214,0.5559449,0.91331923
40492003,2018-08-29,0.8449653,0.6352126,0.8887837
40492003,2018-09-08,0.8722943,0.6125318,0.90320337
40492003,2018-09-18,0.87122977,0.6039163,0.8516387
40492003,2018-09-28,0.9138158,0.57301974,0.8230382
40492003,2018-10-03,0.8195632,0.5540813,0.5813054
40492003,2018-10-13,0.7167585,0.33567926,0.3134
40492003,2018-10-23,0.6819924,0.2806907,0.18710275
40492003,2018-12-12,0.31006312,0.16375117,0.076544404
40492003,2018-12-27,0.52852094,0.21166907,0.09910688
40492003,2019-01-01,0.4666667,0.18278672,0.114318654
40492003,2019-01-06,0.5123457,0.23132662,0.122588344
40492003,2019-02-15,0.5094339,0.25299653,0.12119864
40492003,2019-02-20,0.380322,0.21264257,0.10405924
40492003,2019-02-25,0.48160002,0.23392268,0.105056554
40492003,2019-03-02,0.46321413,0.22494112,0.13164008
40492003,2019-04-01,0.44660193,0.22467688,0.12660484
40492003,2019-04-21,0.50354606,0.264432,0.1756205
40492003,2019-05-01,0.77428484,0.4852819,0.45704085
40492003,2019-05-16,0.84704906,0.7829729,0.78321195
40492003,2019-05-31,0.84569734,0.66374254,0.8817199
40492003,2019-06-10,0.76133657,0.50516653,0.7157211
40492003,2019-06-20,0.87377954,0.7029275,1.3664733
40492003,2019-06-25,0.89266956,0.7476189,1.5724325
40492003,2019-06-30,0.908481,0.7017544,1.5625302
40492003,2019-07-05,0.8766563,0.70015776,1.3047073
40492003,2019-07-10,0.8572834,0.6797253,1.1669279
40492003,2019-07-20,0.86500263,0.6594944,1.1377182
40492003,2019-08-04,0.7722222,0.6669333,0.87593526
40492003,2019-08-14,0.3897925,0.64579076,0.3843448
40492003,2019-08-19,0.82611126,0.59711444,0.9331344
40492003,2019-09-03,0.87855893,0.60737526,0.9320109
40492003,2019-09-13,0.88500637,0.5585181,0.86659527
40492003,2019-10-23,0.5196281,0.20757675,0.10501818
40492003,2019-11-22,0.54485774,0.22780295,0.12351106
40492003,2019-12-07,0.5050785,0.21048987,0.13510025
40492003,2020-01-01,0.54922783,0.2375386,0.12383946
40492003,2020-01-06,0.5363965,0.20776676,0.15653396
40492003,2020-01-11,0.5580169,0.21367694,0.14006324
40492003,2020-01-16,0.4970662,0.24069491,0.1344126
40492003,2020-02-05,0.5297773,0.20623337,0.12756991
40492003,2020-03-11,0.50023055,0.22409946,0.106042914
40492003,2020-03-16,0.49357802,0.20889147,0.12367509
40492003,2020-04-05,0.45013687,0.21603665,0.113899685
40492003,2020-04-10,0.44323233,0.21425782,0.11146681
40492003,2020-04-15,0.51394725,0.25042826,0.15297227
40492003,2020-04-25,0.76027167,0.42493832,0.37470856
40492003,2020-04-30,0.8009526,0.66860586,0.5312766
40492003,2020-05-30,0.8724861,0.7597437,1.2943048
40492003,2020-06-29,0.85176563,0.8384904,1.5021653
40492003,2020-07-04,0.90110475,0.6356451,1.4135561
40492003,2020-07-09,0.8897597,0.6634615,1.3074001
40492003,2020-07-14,0.8796834,0.6290566,1.1547029
40492003,2020-07-19,0.8728433,0.7112318,1.2611667
40492003,2020-07-29,0.8674263,0.65650237,1.0789849
40492003,2020-08-08,0.85140663,0.61053,1.0074989
40492003,2020-08-13,0.7920586,0.5990674,0.9219392
40492003,2020-08-23,0.72983575,0.654775,0.8335869
40492003,2020-09-02,0.8081073,0.575541,0.86466634
40492003,2020-09-12,0.84696734,0.53017914,0.8087296
40492003,2020-09-17,0.78107244,0.67748296,0.7242022
40492003,2020-11-01,0.40471867,0.1883605,0.09061253
40492003,2020-11-06,0.5943293,0.2266772,0.09598109
40492003,2020-11-21,0.5460815,0.17392173,0.11860124
40492003,2020-11-26,0.51862144,0.19011329,0.09619368
40492003,2021-02-24,0.41292772,0.21577588,0.10314673
40492003,2021-03-01,0.5271195,0.19933885,0.11286786
40492003,2021-03-26,0.48494107,0.2266237,0.11073676
40492003,2021-03-31,0.47447073,0.22537267,0.12930512
40492003,2021-04-05,0.4469136,0.26804888,0.14930059
40492003,2021-04-25,0.45054945,0.22550546,0.1313475
40492003,2021-05-10,0.7104988,0.3995841,0.31744948
40492003,2021-06-04,0.7935868,0.7548581,0.95605356
40492003,2021-06-14,0.90962934,0.75888443,1.5197995
40492003,2021-06-19,0.85026735,0.70716435,1.2478309
40492003,2021-06-24,0.8449889,0.7181526,1.3581553
40492003,2021-06-29,0.8652702,0.66864103,1.3970833
40492003,2021-07-09,0.88146037,0.69609827,1.5756342
40492003,2021-07-19,0.8559237,0.6510616,1.3473366
40492003,2021-07-29,0.8706685,0.61306435,1.3160812
40492003,2021-08-18,0.8980264,0.6280434,1.1513263
40492003,2021-09-02,0.9074506,0.6137312,1.1576483
40492003,2021-09-07,0.8864653,0.60537773,1.0921243
40492003,2021-09-12,0.88138384,0.5440309,0.9581262
40492003,2021-10-17,0.8454068,0.41248718,0.48909628
40492003,2021-10-27,0.6559655,0.2560889,0.18398756
40492003,2021-11-06,0.5398844,0.12244363,0.054943427
40492003,2021-11-11,0.45185187,0.21421197,0.104025684
40492003,2021-12-31,0.5517791,0.21395332,0.097759716
40492853,2017-01-01,0.55593336,0.27252725,0.12712218
40492853,2017-02-20,0.48193944,0.2587713,0.13509375
40492853,2017-03-12,0.4674855,0.2251531,0.14380725
40492853,2017-04-01,0.462676,0.23679939,0.14056186
40492853,2017-04-21,0.6789587,0.3540457,0.28138286
40492853,2017-05-21,0.88728774,0.604128,0.80986375
40492853,2017-05-31,0.8800217,0.5694113,1.053125
40492853,2017-06-10,0.90219504,0.6305344,1.0250984
40492853,2017-06-20,0.8597206,0.5665081,0.96852905
40492853,2017-07-05,0.6993275,0.6183114,0.6867818
40492853,2017-07-15,0.8293289,0.5661338,0.8689126
40492853,2017-07-20,0.86618453,0.55512637,0.826275
40492853,2017-07-25,0.9004196,0.5932547,1.0338224
40492853,2017-07-30,0.8506798,0.6386414,1.0501262
40492853,2017-08-04,0.84542775,0.56528604,0.76528883
40492853,2017-08-09,0.83168596,0.56155133,0.7937387
40492853,2017-08-24,0.86837614,0.58179045,0.7704272
40492853,2017-08-29,0.8408419,0.48259854,0.7954194
40492853,2017-09-28,0.7802575,0.35116863,0.36101568
40492853,2017-10-13,0.5930841,0.26630318,0.15737352
40492853,2017-10-18,0.5832558,0.24578597,0.14645506
40492853,2018-04-06,0.29623905,0.210669,0.13534233
40492853,2018-04-11,0.03977157,0.02944641,0.09476565
40492853,2018-04-21,0.5665977,0.31521156,0.20612994
40492853,2018-04-26,0.64380765,0.29554105,0.30462396
40492853,2018-05-21,0.88991654,0.72850496,1.3125873
40492853,2018-05-26,0.85977304,0.64332896,1.103328
40492853,2018-05-31,0.8640455,0.6570842,1.2134835
40492853,2018-06-10,0.8824721,0.65046114,1.183192
40492853,2018-06-15,0.89548457,0.645716,1.3000517
40492853,2018-06-20,0.9022293,0.6282967,1.2500352
40492853,2018-07-05,0.8834356,0.6382507,1.2166451
40492853,2018-07-10,0.8382851,0.46258244,0.77258635
40492853,2018-07-20,0.8332937,0.6402817,1.1315463
40492853,2018-07-25,0.87262946,0.58310634,1.0780079
40492853,2018-07-30,0.88895386,0.5823347,1.0675298
40492853,2018-08-04,0.85292447,0.57727045,0.96285856
40492853,2018-08-09,0.8897772,0.59833324,1.0563678
40492853,2018-08-14,0.85736156,0.53101546,0.8938706
40492853,2018-08-19,0.87164813,0.5603766,0.92529505
40492853,2018-08-24,0.79890597,0.61492497,0.82979095
40492853,2018-08-29,0.8451079,0.5605663,0.8235277
40492853,2018-09-08,0.8584542,0.54597163,0.813227
40492853,2018-09-28,0.903385,0.5298424,0.7253285
40492853,2018-10-03,0.80074066,0.46325263,0.4904268
40492853,2018-10-13,0.5955726,0.25890148,0.20208637
40492853,2018-10-18,0.4716848,0.26653677,0.15602317
40492853,2018-10-23,0.59257495,0.24144754,0.17608666
40492853,2018-12-27,0.5400395,0.260613,0.12579319
40492853,2019-01-01,0.56114835,0.26943848,0.12762184
40492853,2019-01-06,0.5418954,0.26960605,0.13342918
40492853,2019-02-15,0.31419706,0.25846666,0.11178902
40492853,2019-02-20,0.44444448,0.23442906,0.13235167
40492853,2019-02-25,0.49013662,0.23770101,0.14375
40492853,2019-03-02,0.48558757,0.24210487,0.13018604
40492853,2019-03-22,0.44335935,0.24475272,0.14504345
40492853,2019-04-01,0.4847357,0.24167502,0.1520213
40492853,2019-04-16,0.50863314,0.27051848,0.16669269
40492853,2019-04-21,0.5057514,0.25514787,0.17518692
40492853,2019-05-01,0.7675822,0.48808104,0.42404273
40492853,2019-06-20,0.8707166,0.6392468,1.2179706
40492853,2019-06-30,0.9103849,0.6397955,1.339791
40492853,2019-07-05,0.8841883,0.6504824,1.2949162
40492853,2019-07-10,0.8483995,0.6423033,1.1316769
40492853,2019-07-20,0.8627953,0.6034002,1.0601003
40492853,2019-07-25,0.85361034,0.6837539,1.1966811
40492853,2019-07-30,0.8617114,0.60973626,1.0576235
40492853,2019-08-04,0.8702643,0.63572645,1.1119386
40492853,2019-08-09,0.8735849,0.53795505,0.9750551
40492853,2019-08-14,0.8887336,0.63992107,1.0583069
40492853,2019-08-19,0.8550637,0.564429,0.9560314
40492853,2019-09-03,0.8855705,0.57720673,0.8795296
40492853,2019-09-13,0.893733,0.5203872,0.80780494
40492853,2019-10-08,0.7972858,0.37366828,0.3645498
40492853,2019-10-23,0.57076347,0.24109177,0.13879889
40492853,2019-11-22,0.5504926,0.20450178,0.09764512
40492853,2019-12-07,0.5776957,0.27009928,0.12922682
40492853,2020-01-06,0.52384615,0.24638206,0.12120902
40492853,2020-01-11,0.55403864,0.26729846,0.14619642
40492853,2020-01-16,0.4841849,0.26254284,0.13859634
40492853,2020-02-05,0.503142,0.21558842,0.106682174
40492853,2020-03-11,0.48349515,0.23236284,0.14428177
40492853,2020-03-16,0.48179063,0.23068261,0.1393678
40492853,2020-03-21,0.42333928,0.23717561,0.1296633
40492853,2020-04-05,0.46922228,0.2298581,0.13465019
40492853,2020-04-10,0.48691514,0.2386876,0.15093584
40492853,2020-04-15,0.51125634,0.2557396,0.17198534
40492853,2020-04-25,0.75190574,0.41551775,0.36951095
40492853,2020-05-25,0.85413283,0.46094635,0.7282874
40492853,2020-05-30,0.87905306,0.6749121,1.1734315
40492853,2020-06-29,0.80952376,0.68837285,1.0994276
40492853,2020-07-04,0.87359357,0.50412464,0.9677934
40492853,2020-07-09,0.8972911,0.62017316,1.2750218
40492853,2020-07-14,0.8786266,0.6201623,1.0937488
40492853,2020-07-19,0.8837633,0.65390104,1.1775234
40492853,2020-07-29,0.87289613,0.59654135,1.0881935
40492853,2020-08-08,0.86650556,0.575365,0.99145985
40492853,2020-08-13,0.82266,0.5751155,0.89754325
40492853,2020-08-28,0.83405614,0.58642983,0.89356595
40492853,2020-09-12,0.8417439,0.54236573,0.7062972
40492853,2020-11-01,0.48178807,0.24027744,0.11810745
40492853,2020-11-06,0.5873786,0.23875295,0.13592812
40492853,2020-11-21,0.62436545,0.28381342,0.15730256
40492853,2020-11-26,0.6025236,0.26430237,0.1390353
40492853,2021-02-24,0.44341367,0.22649734,0.12618916
40492853,2021-03-01,0.5542312,0.2567737,0.15663663
40492853,2021-03-21,0.45846155,0.2757217,0.17999138
40492853,2021-03-26,0.5394586,0.27410793,0.16283433
40492853,2021-03-31,0.52003026,0.25761038,0.15874574
40492853,2021-04-05,0.5056098,0.2645733,0.15181935
40492853,2021-04-20,0.44223538,0.3266651,0.16753902
40492853,2021-04-25,0.5139922,0.2700439,0.17361768
40492853,2021-05-10,0.6599505,0.36052212,0.30163407
40492853,2021-06-04,0.8120056,0.68241364,0.8843871
40492853,2021-06-14,0.91773534,0.7092106,1.3645755
40492853,2021-06-19,0.8553604,0.6932324,1.224189
40492853,2021-06-24,0.84508055,0.66223043,1.2851206
40492853,2021-06-29,0.8731235,0.66457796,1.3064955
40492853,2021-07-09,0.8924731,0.8146424,1.4962355
40492853,2021-07-14,0.8899083,0.7108057,1.4113709
40492853,2021-07-19,0.8784741,0.6228748,1.2229973
40492853,2021-07-29,0.8930958,0.61837393,1.2213271
40492853,2021-08-18,0.90235287,0.6018046,1.1085042
40492853,2021-09-02,0.90647703,0.5662128,1.0181286
40492853,2021-09-07,0.89856297,0.6096815,0.9867706
40492853,2021-09-12,0.86902773,0.52163976,0.88166004
40492853,2021-10-17,0.78734964,0.3870069,0.30840558
40492853,2021-10-27,0.62083143,0.2578454,0.14967957
40492853,2021-11-11,0.54725474,0.24611402,0.14722234
40493650,2017-03-12,0.38342768,0.140006,0.06119418
40493650,2017-04-01,0.34416667,0.1527932,0.07213742
40493650,2017-04-11,0.35189438,0.21378997,0.13419281
40493650,2017-04-21,0.41121495,0.21458182,0.13826416
40493650,2017-05-21,0.67161524,0.3922861,0.53859156
40493650,2017-05-31,0.7043433,0.46576008,0.7252631
40493650,2017-06-10,0.7416169,0.55207247,0.7327175
40493650,2017-06-20,0.71452093,0.48917532,0.7287239
40493650,2017-07-05,0.69953054,0.4738654,0.6612766
40493650,2017-07-20,0.75718683,0.5502294,0.68962246
40493650,2017-07-25,0.77931035,0.49770594,0.6854144
40493650,2017-08-04,0.70380086,0.50403607,0.6043901
40493650,2017-08-09,0.38224047,1.7282265,0.24462095
40493650,2017-08-24,0.7487797,0.4489581,0.4578532
40493650,2017-08-29,0.78396505,0.45225835,0.5268995
40493650,2017-09-28,0.6790123,0.29665586,0.2700016
40493650,2017-10-13,0.52770585,0.19877496,0.07433912
40493650,2017-10-18,0.51191103,0.2013912,0.09515489
40493650,2018-04-11,0.3392857,0.2300242,0.115661055
40493650,2018-04-21,0.47728646,0.28018776,0.1655765
40493650,2018-04-26,0.578814,0.46523,0.4158865
40493650,2018-05-21,0.8263017,0.6900285,1.2519637
40493650,2018-05-26,0.81373966,0.6146987,1.0607727
40493650,2018-05-31,0.80265737,0.64463645,1.1042787
40493650,2018-06-10,0.8171921,0.6639516,1.14933
40493650,2018-06-15,0.85229206,0.69411314,1.3513223
40493650,2018-06-20,0.84533805,0.6761629,1.1242685
40493650,2018-07-05,0.8274761,0.6581002,1.0018011
40493650,2018-07-10,0.81592244,0.7019133,1.0333557
40493650,2018-07-25,0.7989907,0.3924647,0.4685444
40493650,2018-07-30,0.79874873,0.56082296,0.7775012
40493650,2018-08-04,0.77442795,0.5301271,0.7589731
40493650,2018-08-09,0.7874037,0.55031383,0.69969517
40493650,2018-08-19,0.7725674,0.50939167,0.60549575
40493650,2018-08-24,0.70480543,0.4982408,0.6157397
40493650,2018-08-29,0.7667037,0.5289237,0.53901476
40493650,2018-09-08,0.7791959,0.46201,0.54059565
40493650,2018-09-18,0.7693553,0.48147088,0.4689572
40493650,2018-09-28,0.7868976,0.4417297,0.40245482
40493650,2018-10-03,0.6952521,0.41084868,0.35768524
40493650,2018-10-13,0.59938204,0.23435612,0.14896023
40493650,2018-10-23,0.56410253,0.18129377,0.109605305
40493650,2019-03-02,0.16348928,0.119389094,0.027514601
40493650,2019-04-01,0.3567134,0.18692242,0.08817683
40493650,2019-04-16,0.35585043,0.20872396,0.10406864
40493650,2019-04-21,0.41362533,0.2381703,0.13653386
40493650,2019-05-01,0.6042383,0.38866782,0.3200304
40493650,2019-05-31,0.63729453,0.47812548,0.52709013
40493650,2019-06-20,0.8171091,0.6618512,1.0377319
40493650,2019-06-25,0.82436264,0.7508571,1.2082683
40493650,2019-06-30,0.8528381,0.6525003,1.140139
40493650,2019-07-05,0.83208877,0.68593067,1.0470346
40493650,2019-07-10,0.7890663,0.6226855,0.91762793
40493650,2019-07-20,0.8109429,0.6374074,0.88295865
40493650,2019-08-04,0.7861606,0.6539735,0.8257212
40493650,2019-08-09,0.8127935,0.5373215,0.8019489
40493650,2019-08-14,0.8439292,0.6583809,0.82425857
40493650,2019-08-19,0.778012,0.47129667,0.550967
40493650,2019-09-03,0.8125548,0.56565046,0.6369266
40493650,2019-09-13,0.7924753,0.41206753,0.47341332
40493650,2019-10-08,0.58685446,0.28818744,0.22233455
40493650,2019-10-23,0.48979595,0.20705809,0.09882044
40493650,2019-11-22,0.47199997,0.15714283,0.08134057
40493650,2019-12-07,0.46242264,0.11869099,0.07545411
40493650,2020-01-01,0.4654696,0.15352376,0.06550447
40493650,2020-01-06,0.43939394,0.11374532,0.0734142
40493650,2020-01-11,0.5108959,0.14627045,0.070828624
40493650,2020-01-16,0.36224744,0.15693057,0.07614826
40493650,2020-02-05,0.4024096,0.1405428,0.07392072
40493650,2020-03-16,0.38425744,0.1806548,0.08835767
40493650,2020-03-21,0.34153846,0.22023807,0.0946246
40493650,2020-04-05,0.32785386,0.19133063,0.078914165
40493650,2020-04-10,0.34737507,0.19766027,0.078188166
40493650,2020-04-15,0.35378712,0.18631345,0.10893029
40493650,2020-04-25,0.5184099,0.27924037,0.22549365
40493650,2020-05-30,0.834753,0.73402745,1.0710545
40493650,2020-06-29,0.8717997,0.84214896,1.3397219
40493650,2020-07-04,0.88798416,0.6456532,1.2506541
40493650,2020-07-09,0.88496554,0.7265004,1.2765481
40493650,2020-07-14,0.8674006,0.65331274,1.1314042
40493650,2020-07-19,0.8715915,0.7965149,1.361641
40493650,2020-07-29,0.85521007,0.683396,1.0999573
40493650,2020-08-08,0.8522092,0.6476014,0.9608417
40493650,2020-08-28,0.8101819,0.72108084,0.876875
40493650,2020-09-12,0.8214286,0.4795248,0.64328825
40493650,2020-11-01,0.37615415,0.20222731,0.08549526
40493650,2020-11-06,0.5349428,0.18012236,0.07855996
40493650,2020-11-21,0.5100154,0.13840105,0.074271046
40493650,2020-11-26,0.53009427,0.16652998,0.07332899
40493650,2021-02-24,0.32360405,0.19926544,0.08843303
40493650,2021-03-01,0.44370866,0.1803985,0.09076924
40493650,2021-03-31,0.35354978,0.17422032,0.10241908
40493650,2021-04-05,0.36317214,0.2123437,0.121162824
40493650,2021-04-25,0.3802145,0.21666044,0.11909766
40493650,2021-05-05,0.3232285,0.30220366,0.17319965
40493650,2021-05-10,0.4369535,0.263525,0.18295656
40493650,2021-05-20,0.57972705,0.5234072,0.49556065
40493650,2021-06-04,0.76781243,0.64281905,0.83014077
40493650,2021-06-09,0.81113195,0.7026256,1.1370491
40493650,2021-06-14,0.84701496,0.6605798,1.1912543
40493650,2021-06-19,0.81773067,0.6658462,1.213664
40493650,2021-06-24,0.8164129,0.7007734,1.2593569
40493650,2021-06-29,0.8322523,0.66276,1.2969601
40493650,2021-07-09,0.87146103,0.7525519,1.5575228
40493650,2021-07-19,0.8525963,0.67180777,1.2420192
40493650,2021-07-29,0.86819065,0.666567,1.262844
40493650,2021-08-18,0.86554617,0.58529603,1.0620869
40493650,2021-09-02,0.87261873,0.59629285,1.0462695
40493650,2021-09-07,0.85913,0.5627496,1.0005523
40493650,2021-09-12,0.8640901,0.5476628,0.85744077
40493650,2021-10-17,0.8027681,0.29695362,0.28292006
40493650,2021-10-27,0.6657184,0.1922998,0.11963406
40493650,2021-11-11,0.4324499,0.15115911,0.06475
40494437,2017-01-01,0.95918375,0.011695617,0.00090000004
40494437,2017-04-01,0.518024,0.16552195,0.0862155
40494437,2017-04-11,0.57449585,0.32181647,0.24441074
40494437,2017-04-21,0.73628765,0.3835964,0.33223143
40494437,2017-05-21,0.9118884,0.6912465,1.4684027
40494437,2017-05-31,0.89252436,0.6941355,1.5640999
40494437,2017-06-10,0.88385785,0.8153212,1.6680727
40494437,2017-06-20,0.88319486,0.7102548,1.5119714
40494437,2017-07-05,0.8792432,0.62803084,1.1722654
40494437,2017-07-15,0.8792757,0.67225605,1.3026452
40494437,2017-07-20,0.8681465,0.70851445,1.3749665
40494437,2017-07-25,0.9252554,0.6028153,1.2205433
40494437,2017-07-30,0.6782963,0.6594326,1.1820955
40494437,2017-08-04,0.85714287,0.7129073,1.2909099
40494437,2017-08-09,0.83222425,0.63658834,1.1811575
40494437,2017-08-24,0.88231444,0.531655,0.8716895
40494437,2017-09-28,0.84721106,0.42184922,0.60291415
40494437,2017-10-18,0.71039176,0.18883303,0.15621218
40494437,2018-04-11,0.3261438,0.2097961,0.12111609
40494437,2018-04-21,0.6774411,0.40531832,0.3013006
40494437,2018-04-26,0.7698999,0.7199218,0.8838582
40494437,2018-05-21,0.87336046,0.7237902,1.5174689
40494437,2018-05-26,0.74545455,0.6162975,1.0125402
40494437,2018-05-31,0.85049367,0.7258564,1.5828184
40494437,2018-06-10,0.8806479,0.740661,1.7383186
40494437,2018-06-15,0.89721364,0.74948275,1.8531362
40494437,2018-06-20,0.89475834,0.7498889,1.7911314
40494437,2018-06-30,0.8670055,0.7555179,1.6750484
40494437,2018-07-05,0.8432965,0.7411248,1.4901389
40494437,2018-07-10,0.8638744,0.65323126,1.3270469
40494437,2018-07-20,0.8265418,0.7247402,1.3012532
40494437,2018-07-25,0.87212616,0.7145933,1.481708
40494437,2018-07-30,0.8852314,0.7290178,1.4475696
40494437,2018-08-04,0.8511905,0.7250208,1.4396504
40494437,2018-08-09,0.87494314,0.7001201,1.4447526
40494437,2018-08-14,0.8132204,0.6120317,1.1923965
40494437,2018-08-19,0.86140513,0.67326134,1.3092914
40494437,2018-08-24,0.8034853,0.7363581,1.2692168
40494437,2018-08-29,0.84768516,0.7106539,1.129686
40494437,2018-09-08,0.872879,0.6271042,1.0386281
40494437,2018-09-18,0.80479777,0.70632434,0.99928516
40494437,2018-09-28,0.9125529,0.5832244,0.8438376
40494437,2018-10-03,0.77593356,0.5879711,0.66198707
40494437,2018-10-13,0.6398838,0.2693891,0.22752818
40494437,2018-10-23,0.68891764,0.21216717,0.18665536
40494437,2019-01-06,0.28536096,0.4281666,0.22181587
40494437,2019-02-20,0.33255133,0.24824871,0.13514088
40494437,2019-02-25,0.47220448,0.1820197,0.13130991
40494437,2019-03-02,0.485223,0.19740294,0.12514128
40494437,2019-04-01,0.50578153,0.24072565,0.14555304
40494437,2019-04-16,0.48855567,0.25820714,0.1483042
40494437,2019-04-21,0.55068696,0.2838169,0.1744988
40494437,2019-05-01,0.7672248,0.5367568,0.5593942
40494437,2019-06-10,0.7465103,0.72990966,1.1772184
40494437,2019-06-20,0.8580781,0.747975,1.6056284
40494437,2019-06-25,0.8087636,1.054193,1.3857962
40494437,2019-06-30,0.9063886,0.74180305,1.7144569
40494437,2019-07-05,0.8790561,0.7728216,1.5860863
40494437,2019-07-10,0.8384632,0.7423082,1.3214326
40494437,2019-07-20,0.8445101,0.6980983,1.2481613
40494437,2019-07-25,0.8517619,0.8081934,1.3825129
40494437,2019-07-30,0.8442735,0.7163159,1.2993457
40494437,2019-08-04,0.8610411,0.7746054,1.2859982
40494437,2019-08-09,0.8661458,0.62331337,1.1092155
40494437,2019-08-19,0.81991476,0.66069776,1.0405988
40494437,2019-09-13,0.8864371,0.5973908,0.98229206
40494437,2019-10-08,0.7374897,0.3720872,0.35238293
40494437,2019-10-23,0.5464684,0.24018486,0.16081753
40494437,2019-12-07,0.36519068,0.18861516,0.13359487
40494437,2020-03-16,0.5725534,0.2123842,0.13775268
40494437,2020-04-05,0.5356223,0.24247135,0.13727021
40494437,2020-04-10,0.48566815,0.24022526,0.1301968
40494437,2020-04-15,0.5508637,0.26712582,0.1717577
40494437,2020-04-25,0.780029,0.502611,0.5400012
40494437,2020-05-30,0.8798233,0.84986836,1.5756139
40494437,2020-06-29,0.8590533,0.77626884,1.5706213
40494437,2020-07-04,0.81359226,0.6382331,1.0651469
40494437,2020-07-09,0.89069813,0.72597355,1.5021011
40494437,2020-07-14,0.86777246,0.67814815,1.3386041
40494437,2020-07-19,0.49766156,0.855319,0.62101924
40494437,2020-07-29,0.8652204,0.70813346,1.320796
40494437,2020-08-08,0.8611725,0.6833664,1.1903158
40494437,2020-08-13,0.8057332,0.6754181,1.1146162
40494437,2020-09-12,0.83779025,0.55572885,0.8180819
40494437,2020-09-17,0.7804141,0.77169174,0.8722977
40494437,2020-11-01,0.30990043,0.21624495,0.12345692
40494437,2020-11-06,0.59999996,0.14147522,0.14314677
40494437,2020-11-21,0.69665813,0.12566076,0.08593824
40494437,2021-02-24,0.4000621,0.25587496,0.16458538
40494437,2021-03-01,0.5709037,0.16608241,0.15010713
40494437,2021-03-31,0.52155894,0.24585682,0.15981004
40494437,2021-04-05,0.5267954,0.30184656,0.17058985
40494437,2021-04-25,0.5092025,0.2857908,0.17677332
40494437,2021-05-10,0.73162746,0.4726665,0.47861338
40494437,2021-06-04,0.8100775,0.84515846,1.4033728
40494437,2021-06-14,0.9078042,0.84641176,1.9559932
40494437,2021-06-19,0.85171455,0.8068482,1.7410839
40494437,2021-06-24,0.8467056,0.8079917,1.6642239
40494437,2021-06-29,0.864912,0.775895,1.775757
40494437,2021-07-14,0.8811991,0.8760762,1.9200889
40494437,2021-07-19,0.8735372,0.76994056,1.7233717
40494437,2021-07-29,0.8844596,0.7571997,1.6266018
40494437,2021-08-18,0.8741815,0.6922992,1.4989417
40494437,2021-09-02,0.902166,0.7170768,1.3976456
40494437,2021-09-07,0.86306477,0.6995621,1.3334272
40494437,2021-09-12,0.8613234,0.64575416,1.1307999
40494437,2021-10-17,0.8038046,0.43087935,0.38119996
40494437,2021-10-27,0.5988024,0.19489376,0.1860132
40494437,2021-11-11,0.3880757,0.21324599,0.16544458
40497521,2017-01-01,0.61414295,0.36978185,0.24150568
40497521,2017-01-11,0.5114441,0.36564326,0.22719403
40497521,2017-02-20,0.5115458,0.29982165,0.19516882
40497521,2017-03-12,0.54115593,0.26841557,0.18836126
40497521,2017-04-01,0.50701267,0.26092607,0.19342494
40497521,2017-04-11,0.6054366,0.2815445,0.25617477
40497521,2017-04-21,0.7258764,0.35349855,0.35945937
40497521,2017-05-21,0.90222216,0.6683417,1.228769
40497521,2017-05-31,0.88415515,0.6461204,1.4157312
40497521,2017-06-10,0.9369053,0.68842447,1.6202124
40497521,2017-06-20,0.8767477,0.6457149,1.253018
40497521,2017-07-05,0.85937136,0.70533156,1.2640986
40497521,2017-07-15,0.7906807,0.69704926,0.99342734
40497521,2017-07-20,0.8611764,0.56546926,1.0959593
40497521,2017-07-25,0.90610325,0.6863442,1.4302518
40497521,2017-08-04,0.83297646,0.53701735,0.978738
40497521,2017-08-24,0.84828705,0.5866646,1.0637054
40497521,2017-08-29,0.8954794,0.5378808,0.9887301
40497521,2017-09-28,0.8810641,0.44564053,0.6333743
40497521,2017-10-13,0.6483586,0.3563992,0.29268685
40497521,2017-10-18,0.5792442,0.20432931,0.14989448
40497521,2018-01-21,0.565296,0.22699232,0.15363522
40497521,2018-04-01,0.20930232,0.15124556,0.08363246
40497521,2018-04-06,0.48623854,0.21668032,0.16175391
40497521,2018-04-11,0.40038538,0.19566856,0.13486464
40497521,2018-04-21,0.6281905,0.32244816,0.2954797
40497521,2018-05-26,0.8795295,0.6813708,1.5246034
40497521,2018-05-31,0.85143656,0.6592035,1.4854984
40497521,2018-06-10,0.87123615,0.66189325,1.622427
40497521,2018-06-15,0.90527534,0.79727346,2.1602664
40497521,2018-06-20,0.89062905,0.6439577,1.5792001
40497521,2018-07-05,0.8655897,0.52944666,1.0372417
40497521,2018-07-10,0.8621708,0.65352046,1.4170792
40497521,2018-07-25,0.8758742,0.57754385,1.12809
40497521,2018-07-30,0.8733887,0.5797239,1.2117411
40497521,2018-08-04,0.85209185,0.59588534,1.1681498
40497521,2018-08-09,0.873836,0.5650079,1.1554793
40497521,2018-08-19,0.8677633,0.53528214,1.0673629
40497521,2018-08-24,0.82314765,0.5925407,0.95982295
40497521,2018-08-29,0.83643824,0.5220939,0.9841163
40497521,2018-09-08,0.8722439,0.5207527,0.9563587
40497521,2018-09-18,0.8755712,0.50150996,0.9145065
40497521,2018-09-28,0.91163874,0.5578871,0.89584655
40497521,2018-10-03,0.83559686,0.48534414,0.6955362
40497521,2018-10-13,0.789351,0.38996196,0.43201926
40497521,2018-10-23,0.67839193,0.28565383,0.24480486
40497521,2018-12-27,0.5383707,0.18663283,0.13581395
40497521,2019-01-01,0.45584482,0.1719755,0.12058829
40497521,2019-01-06,0.4942643,0.18923047,0.12565652
40497521,2019-01-11,0.4794047,0.2445441,0.14530526
40497521,2019-02-05,0.3147708,0.18833807,0.12077774
40497521,2019-02-15,0.49948826,0.1955285,0.1441393
40497521,2019-02-20,0.41374967,0.2776088,0.1888889
40497521,2019-02-25,0.47198382,0.18484104,0.13670607
40497521,2019-03-02,0.4858111,0.21530204,0.12943242
40497521,2019-03-22,0.47201946,0.22477986,0.14566828
40497521,2019-04-01,0.50085616,0.22472341,0.15814745
40497521,2019-04-21,0.58454865,0.28313413,0.24023518
40497521,2019-05-01,0.7497928,0.5055489,0.5091213
40497521,2019-05-06,0.9140625,0.39492005,0.39297125
40497521,2019-05-16,0.6991397,0.5823682,0.6113841
40497521,2019-05-31,0.83039504,0.693647,1.0851994
40497521,2019-06-10,0.7220796,0.45277098,0.6722829
40497521,2019-06-20,0.85351974,0.62561655,1.316069
40497521,2019-06-25,0.87781817,0.68488747,1.4243928
40497521,2019-06-30,0.8996292,0.66684985,1.5446125
40497521,2019-07-05,0.8704535,0.6617926,1.3069227
40497521,2019-07-10,0.8635207,0.7040473,1.2857246
40497521,2019-07-20,0.8328375,0.5516371,1.1298636
40497521,2019-07-30,0.8199712,0.67584676,1.2796282
40497521,2019-08-04,0.78864086,0.57338315,0.90502137
40497521,2019-08-09,0.7233992,0.63518935,0.7985075
40497521,2019-08-19,0.847062,0.6138679,1.0437437
40497521,2019-09-03,0.854844,0.51749504,0.9573221
40497521,2019-09-13,0.8868307,0.52266955,0.95070213
40497521,2019-10-23,0.5518566,0.17748311,0.13885044
40497521,2019-11-22,0.5258216,0.18598473,0.14668027
40497521,2019-12-07,0.54199684,0.25246373,0.12806155
40497521,2020-01-01,0.5653986,0.21863538,0.14113842
40497521,2020-01-06,0.5462047,0.24556722,0.13613077
40497521,2020-01-11,0.5494186,0.22320198,0.1431163
40497521,2020-01-16,0.51407135,0.21656656,0.13639088
40497521,2020-01-21,0.5296925,0.36824065,0.20546141
40497521,2020-02-05,0.5358566,0.21027124,0.14502168
40497521,2020-03-11,0.47402593,0.17764437,0.1325888
40497521,2020-03-16,0.49932584,0.21194202,0.13323945
40497521,2020-03-21,0.29903716,0.3114614,0.07345883
40497521,2020-04-05,0.50348574,0.23784259,0.1507838
40497521,2020-04-10,0.5361071,0.22903727,0.15279865
40497521,2020-04-15,0.5969811,0.29366997,0.21469368
40497521,2020-04-25,0.76053643,0.44533354,0.4451382
40497521,2020-04-30,0.7733439,0.5783233,0.6975942
40497521,2020-05-30,0.8665983,0.67087704,1.245303
40497521,2020-06-29,0.82765245,0.6673893,1.3556793
40497521,2020-07-04,0.8871139,0.61448807,1.3233359
40497521,2020-07-09,0.86393744,0.5624363,1.1532938
40497521,2020-07-14,0.87767875,0.66743577,1.2251303
40497521,2020-07-19,0.8565425,0.6065958,1.1478211
40497521,2020-07-29,0.84649545,0.52609795,0.9454099
40497521,2020-08-08,0.8616577,0.5753992,0.93096775
40497521,2020-08-13,0.70871794,0.31998146,0.4084056
40497521,2020-09-02,0.8410352,0.56446946,0.7629708
40497521,2020-09-12,0.84818286,0.55315566,0.7491846
40497521,2020-11-01,0.4631093,0.2751252,0.17691843
40497521,2020-11-06,0.53239435,0.1585903,0.12072499
40497521,2020-11-21,0.5951417,0.20426394,0.13597845
40497521,2020-11-26,0.5713363,0.18481392,0.13780513
40497521,2021-02-14,0.39764938,0.16763699,0.13332374
40497521,2021-02-24,0.40452388,0.15695798,0.1063251
40497521,2021-03-01,0.513571,0.1906135,0.13392933
40497521,2021-03-21,0.46964064,0.22200963,0.13107921
40497521,2021-03-26,0.47434554,0.18843594,0.13078
40497521,2021-03-31,0.5148083,0.22312832,0.14343852
40497521,2021-04-05,0.28597122,0.13441543,0.08343617
40497521,2021-04-10,0.45928755,0.261708,0.1603034
40497521,2021-04-25,0.49939737,0.23764005,0.16749428
40497521,2021-05-10,0.6749237,0.37959465,0.35257268
40497521,2021-06-04,0.8096305,0.69014895,1.0058893
40497521,2021-06-09,0.83848906,0.5569494,0.86315846
40497521,2021-06-14,0.89818186,0.7240748,1.4705417
40497521,2021-06-19,0.8396858,0.68732744,1.1916823
40497521,2021-06-24,0.8333333,0.63747436,1.28199
40497521,2021-06-29,0.85973287,0.65889066,1.3256664
40497521,2021-07-09,0.89025456,0.740227,1.601431
40497521,2021-07-19,0.873588,0.6726001,1.3805238
40497521,2021-07-29,0.88034195,0.64006484,1.3405591
40497521,2021-08-18,0.8936282,0.6308316,1.2532346
40497521,2021-09-02,0.908544,0.58565724,1.1515197
40497521,2021-09-07,0.8910548,0.6204909,1.0673282
40497521,2021-09-12,0.87847334,0.5740223,0.9628885
40497521,2021-10-17,0.8703095,0.505719,0.50539786
40497521,2021-10-27,0.69762224,0.29182148,0.19919008
40497521,2021-11-06,0.49971515,0.1756811,0.1636513
40497521,2021-11-11,0.49883723,0.1752451,0.1285403
40497521,2021-12-31,0.48010975,0.13952005,0.12874529
